Scenario,Test_Stream,Model,Batch_Idx,F1-Score
S4_Stream,KDD,M1_LogisticRegression,0,0.458559256390395
S4_Stream,KDD,M2_XGBoost,0,0.5675413022351797
S4_Stream,KDD,M3_IsolationForest,0,0.3947100712105799
S4_Stream,KDD,M1_LogisticRegression,1,1.0
S4_Stream,KDD,M2_XGBoost,1,1.0
S4_Stream,KDD,M3_IsolationForest,1,1.0
S4_Stream,KDD,M1_LogisticRegression,2,1.0
S4_Stream,KDD,M2_XGBoost,2,1.0
S4_Stream,KDD,M3_IsolationForest,2,1.0
S4_Stream,KDD,M1_LogisticRegression,3,1.0
S4_Stream,KDD,M2_XGBoost,3,1.0
S4_Stream,KDD,M3_IsolationForest,3,1.0
S4_Stream,KDD,M1_LogisticRegression,4,1.0
S4_Stream,KDD,M2_XGBoost,4,1.0
S4_Stream,KDD,M3_IsolationForest,4,1.0
S4_Stream,KDD,M1_LogisticRegression,5,1.0
S4_Stream,KDD,M2_XGBoost,5,1.0
S4_Stream,KDD,M3_IsolationForest,5,1.0
S4_Stream,KDD,M1_LogisticRegression,6,1.0
S4_Stream,KDD,M2_XGBoost,6,1.0
S4_Stream,KDD,M3_IsolationForest,6,1.0
S4_Stream,KDD,M1_LogisticRegression,7,0.9994997498749375
S4_Stream,KDD,M2_XGBoost,7,1.0
S4_Stream,KDD,M3_IsolationForest,7,1.0
S4_Stream,KDD,M1_LogisticRegression,8,0.6577000672494956
S4_Stream,KDD,M2_XGBoost,8,0.6817813765182186
S4_Stream,KDD,M3_IsolationForest,8,0.6599378881987578
S4_Stream,KDD,M1_LogisticRegression,9,1.0
S4_Stream,KDD,M2_XGBoost,9,1.0
S4_Stream,KDD,M3_IsolationForest,9,1.0
S4_Stream,KDD,M1_LogisticRegression,10,1.0
S4_Stream,KDD,M2_XGBoost,10,1.0
S4_Stream,KDD,M3_IsolationForest,10,1.0
S4_Stream,KDD,M1_LogisticRegression,11,1.0
S4_Stream,KDD,M2_XGBoost,11,1.0
S4_Stream,KDD,M3_IsolationForest,11,1.0
S4_Stream,KDD,M1_LogisticRegression,12,1.0
S4_Stream,KDD,M2_XGBoost,12,1.0
S4_Stream,KDD,M3_IsolationForest,12,1.0
S4_Stream,KDD,M1_LogisticRegression,13,1.0
S4_Stream,KDD,M2_XGBoost,13,1.0
S4_Stream,KDD,M3_IsolationForest,13,1.0
S4_Stream,KDD,M1_LogisticRegression,14,1.0
S4_Stream,KDD,M2_XGBoost,14,1.0
S4_Stream,KDD,M3_IsolationForest,14,1.0
S4_Stream,KDD,M1_LogisticRegression,15,1.0
S4_Stream,KDD,M2_XGBoost,15,1.0
S4_Stream,KDD,M3_IsolationForest,15,1.0
S4_Stream,KDD,M1_LogisticRegression,16,1.0
S4_Stream,KDD,M2_XGBoost,16,1.0
S4_Stream,KDD,M3_IsolationForest,16,1.0
S4_Stream,KDD,M1_LogisticRegression,17,1.0
S4_Stream,KDD,M2_XGBoost,17,1.0
S4_Stream,KDD,M3_IsolationForest,17,1.0
S4_Stream,KDD,M1_LogisticRegression,18,1.0
S4_Stream,KDD,M2_XGBoost,18,1.0
S4_Stream,KDD,M3_IsolationForest,18,1.0
S4_Stream,KDD,M1_LogisticRegression,19,1.0
S4_Stream,KDD,M2_XGBoost,19,1.0
S4_Stream,KDD,M3_IsolationForest,19,1.0
S4_Stream,KDD,M1_LogisticRegression,20,1.0
S4_Stream,KDD,M2_XGBoost,20,1.0
S4_Stream,KDD,M3_IsolationForest,20,1.0
S4_Stream,KDD,M1_LogisticRegression,21,1.0
S4_Stream,KDD,M2_XGBoost,21,1.0
S4_Stream,KDD,M3_IsolationForest,21,1.0
S4_Stream,KDD,M1_LogisticRegression,22,1.0
S4_Stream,KDD,M2_XGBoost,22,1.0
S4_Stream,KDD,M3_IsolationForest,22,1.0
S4_Stream,KDD,M1_LogisticRegression,23,1.0
S4_Stream,KDD,M2_XGBoost,23,1.0
S4_Stream,KDD,M3_IsolationForest,23,1.0
S4_Stream,KDD,M1_LogisticRegression,24,1.0
S4_Stream,KDD,M2_XGBoost,24,1.0
S4_Stream,KDD,M3_IsolationForest,24,1.0
S4_Stream,KDD,M1_LogisticRegression,25,1.0
S4_Stream,KDD,M2_XGBoost,25,1.0
S4_Stream,KDD,M3_IsolationForest,25,1.0
S4_Stream,KDD,M1_LogisticRegression,26,1.0
S4_Stream,KDD,M2_XGBoost,26,1.0
S4_Stream,KDD,M3_IsolationForest,26,1.0
S4_Stream,KDD,M1_LogisticRegression,27,1.0
S4_Stream,KDD,M2_XGBoost,27,1.0
S4_Stream,KDD,M3_IsolationForest,27,1.0
S4_Stream,KDD,M1_LogisticRegression,28,1.0
S4_Stream,KDD,M2_XGBoost,28,1.0
S4_Stream,KDD,M3_IsolationForest,28,1.0
S4_Stream,KDD,M1_LogisticRegression,29,1.0
S4_Stream,KDD,M2_XGBoost,29,1.0
S4_Stream,KDD,M3_IsolationForest,29,1.0
S4_Stream,KDD,M1_LogisticRegression,30,1.0
S4_Stream,KDD,M2_XGBoost,30,1.0
S4_Stream,KDD,M3_IsolationForest,30,1.0
S4_Stream,KDD,M1_LogisticRegression,31,1.0
S4_Stream,KDD,M2_XGBoost,31,1.0
S4_Stream,KDD,M3_IsolationForest,31,1.0
S4_Stream,KDD,M1_LogisticRegression,32,1.0
S4_Stream,KDD,M2_XGBoost,32,1.0
S4_Stream,KDD,M3_IsolationForest,32,1.0
S4_Stream,KDD,M1_LogisticRegression,33,1.0
S4_Stream,KDD,M2_XGBoost,33,1.0
S4_Stream,KDD,M3_IsolationForest,33,1.0
S4_Stream,KDD,M1_LogisticRegression,34,0.8028846153846154
S4_Stream,KDD,M2_XGBoost,34,0.8244846970643348
S4_Stream,KDD,M3_IsolationForest,34,0.9142199194012666
S4_Stream,KDD,M1_LogisticRegression,35,0.10546875
S4_Stream,KDD,M2_XGBoost,35,0.1729490022172949
S4_Stream,KDD,M3_IsolationForest,35,0.6935724962630793
S4_Stream,KDD,M1_LogisticRegression,36,0.19220308250226656
S4_Stream,KDD,M2_XGBoost,36,0.6180758017492711
S4_Stream,KDD,M3_IsolationForest,36,0.0
S4_Stream,KDD,M1_LogisticRegression,37,0.1651376146788991
S4_Stream,KDD,M2_XGBoost,37,0.7452471482889734
S4_Stream,KDD,M3_IsolationForest,37,0.22625400213447172
S4_Stream,KDD,M1_LogisticRegression,38,0.1706422018348624
S4_Stream,KDD,M2_XGBoost,38,0.6283783783783784
S4_Stream,KDD,M3_IsolationForest,38,0.005148005148005148
S4_Stream,KDD,M1_LogisticRegression,39,0.19202898550724637
S4_Stream,KDD,M2_XGBoost,39,0.5776566757493188
S4_Stream,KDD,M3_IsolationForest,39,0.002617801047120419
S4_Stream,KDD,M1_LogisticRegression,40,0.43573667711598746
S4_Stream,KDD,M2_XGBoost,40,0.8691189050470488
S4_Stream,KDD,M3_IsolationForest,40,0.6561264822134387
S4_Stream,KDD,M1_LogisticRegression,41,0.6471787899388172
S4_Stream,KDD,M2_XGBoost,41,0.5174603174603175
S4_Stream,KDD,M3_IsolationForest,41,0.4550561797752809
S4_Stream,KDD,M1_LogisticRegression,42,1.0
S4_Stream,KDD,M2_XGBoost,42,0.0
S4_Stream,KDD,M3_IsolationForest,42,1.0
S4_Stream,KDD,M1_LogisticRegression,43,1.0
S4_Stream,KDD,M2_XGBoost,43,0.0
S4_Stream,KDD,M3_IsolationForest,43,1.0
S4_Stream,KDD,M1_LogisticRegression,44,1.0
S4_Stream,KDD,M2_XGBoost,44,0.0
S4_Stream,KDD,M3_IsolationForest,44,1.0
S4_Stream,KDD,M1_LogisticRegression,45,1.0
S4_Stream,KDD,M2_XGBoost,45,0.0
S4_Stream,KDD,M3_IsolationForest,45,1.0
S4_Stream,KDD,M1_LogisticRegression,46,1.0
S4_Stream,KDD,M2_XGBoost,46,0.0
S4_Stream,KDD,M3_IsolationForest,46,1.0
S4_Stream,KDD,M1_LogisticRegression,47,1.0
S4_Stream,KDD,M2_XGBoost,47,0.0
S4_Stream,KDD,M3_IsolationForest,47,1.0
S4_Stream,KDD,M1_LogisticRegression,48,1.0
S4_Stream,KDD,M2_XGBoost,48,0.0
S4_Stream,KDD,M3_IsolationForest,48,1.0
S4_Stream,KDD,M1_LogisticRegression,49,1.0
S4_Stream,KDD,M2_XGBoost,49,0.0
S4_Stream,KDD,M3_IsolationForest,49,1.0
S4_Stream,KDD,M1_LogisticRegression,50,1.0
S4_Stream,KDD,M2_XGBoost,50,0.0
S4_Stream,KDD,M3_IsolationForest,50,1.0
S4_Stream,KDD,M1_LogisticRegression,51,1.0
S4_Stream,KDD,M2_XGBoost,51,0.0
S4_Stream,KDD,M3_IsolationForest,51,1.0
S4_Stream,KDD,M1_LogisticRegression,52,1.0
S4_Stream,KDD,M2_XGBoost,52,0.0
S4_Stream,KDD,M3_IsolationForest,52,1.0
S4_Stream,KDD,M1_LogisticRegression,53,1.0
S4_Stream,KDD,M2_XGBoost,53,0.0
S4_Stream,KDD,M3_IsolationForest,53,1.0
S4_Stream,KDD,M1_LogisticRegression,54,1.0
S4_Stream,KDD,M2_XGBoost,54,0.0
S4_Stream,KDD,M3_IsolationForest,54,1.0
S4_Stream,KDD,M1_LogisticRegression,55,1.0
S4_Stream,KDD,M2_XGBoost,55,0.0
S4_Stream,KDD,M3_IsolationForest,55,1.0
S4_Stream,KDD,M1_LogisticRegression,56,1.0
S4_Stream,KDD,M2_XGBoost,56,0.0
S4_Stream,KDD,M3_IsolationForest,56,1.0
S4_Stream,KDD,M1_LogisticRegression,57,1.0
S4_Stream,KDD,M2_XGBoost,57,0.0
S4_Stream,KDD,M3_IsolationForest,57,1.0
S4_Stream,KDD,M1_LogisticRegression,58,1.0
S4_Stream,KDD,M2_XGBoost,58,0.0
S4_Stream,KDD,M3_IsolationForest,58,1.0
S4_Stream,KDD,M1_LogisticRegression,59,1.0
S4_Stream,KDD,M2_XGBoost,59,0.0
S4_Stream,KDD,M3_IsolationForest,59,1.0
S4_Stream,KDD,M1_LogisticRegression,60,1.0
S4_Stream,KDD,M2_XGBoost,60,0.0
S4_Stream,KDD,M3_IsolationForest,60,1.0
S4_Stream,KDD,M1_LogisticRegression,61,1.0
S4_Stream,KDD,M2_XGBoost,61,0.0
S4_Stream,KDD,M3_IsolationForest,61,1.0
S4_Stream,KDD,M1_LogisticRegression,62,1.0
S4_Stream,KDD,M2_XGBoost,62,0.0
S4_Stream,KDD,M3_IsolationForest,62,1.0
S4_Stream,KDD,M1_LogisticRegression,63,1.0
S4_Stream,KDD,M2_XGBoost,63,0.0
S4_Stream,KDD,M3_IsolationForest,63,1.0
S4_Stream,KDD,M1_LogisticRegression,64,1.0
S4_Stream,KDD,M2_XGBoost,64,0.0
S4_Stream,KDD,M3_IsolationForest,64,1.0
S4_Stream,KDD,M1_LogisticRegression,65,1.0
S4_Stream,KDD,M2_XGBoost,65,0.0
S4_Stream,KDD,M3_IsolationForest,65,1.0
S4_Stream,KDD,M1_LogisticRegression,66,1.0
S4_Stream,KDD,M2_XGBoost,66,0.0
S4_Stream,KDD,M3_IsolationForest,66,1.0
S4_Stream,KDD,M1_LogisticRegression,67,1.0
S4_Stream,KDD,M2_XGBoost,67,0.0
S4_Stream,KDD,M3_IsolationForest,67,1.0
S4_Stream,KDD,M1_LogisticRegression,68,1.0
S4_Stream,KDD,M2_XGBoost,68,0.0
S4_Stream,KDD,M3_IsolationForest,68,1.0
S4_Stream,KDD,M1_LogisticRegression,69,1.0
S4_Stream,KDD,M2_XGBoost,69,0.0
S4_Stream,KDD,M3_IsolationForest,69,1.0
S4_Stream,KDD,M1_LogisticRegression,70,1.0
S4_Stream,KDD,M2_XGBoost,70,0.0
S4_Stream,KDD,M3_IsolationForest,70,1.0
S4_Stream,KDD,M1_LogisticRegression,71,1.0
S4_Stream,KDD,M2_XGBoost,71,0.0
S4_Stream,KDD,M3_IsolationForest,71,1.0
S4_Stream,KDD,M1_LogisticRegression,72,1.0
S4_Stream,KDD,M2_XGBoost,72,0.0
S4_Stream,KDD,M3_IsolationForest,72,1.0
S4_Stream,KDD,M1_LogisticRegression,73,1.0
S4_Stream,KDD,M2_XGBoost,73,0.0
S4_Stream,KDD,M3_IsolationForest,73,1.0
S4_Stream,KDD,M1_LogisticRegression,74,0.9934376577486118
S4_Stream,KDD,M2_XGBoost,74,0.043052837573385516
S4_Stream,KDD,M3_IsolationForest,74,0.9903307888040712
S4_Stream,KDD,M1_LogisticRegression,75,0.5393093313739897
S4_Stream,KDD,M2_XGBoost,75,0.5634674922600619
S4_Stream,KDD,M3_IsolationForest,75,0.028169014084507043
S4_Stream,KDD,M1_LogisticRegression,76,0.14353163361661944
S4_Stream,KDD,M2_XGBoost,76,0.4906832298136646
S4_Stream,KDD,M3_IsolationForest,76,0.12741751990898748
S4_Stream,KDD,M1_LogisticRegression,77,0.13096351730589337
S4_Stream,KDD,M2_XGBoost,77,0.6633663366336634
S4_Stream,KDD,M3_IsolationForest,77,0.14537902388369678
S4_Stream,KDD,M1_LogisticRegression,78,0.1640552995391705
S4_Stream,KDD,M2_XGBoost,78,0.7083333333333334
S4_Stream,KDD,M3_IsolationForest,78,0.09503695881731784
S4_Stream,KDD,M1_LogisticRegression,79,0.14338919925512103
S4_Stream,KDD,M2_XGBoost,79,0.9568162574089755
S4_Stream,KDD,M3_IsolationForest,79,0.707774798927614
S4_Stream,KDD,M1_LogisticRegression,80,0.041109969167523124
S4_Stream,KDD,M2_XGBoost,80,0.9621353196772191
S4_Stream,KDD,M3_IsolationForest,80,0.8745724059293044
S4_Stream,KDD,M1_LogisticRegression,81,0.10826210826210826
S4_Stream,KDD,M2_XGBoost,81,0.778816199376947
S4_Stream,KDD,M3_IsolationForest,81,0.26217228464419473
S4_Stream,KDD,M1_LogisticRegression,82,0.4239558707643814
S4_Stream,KDD,M2_XGBoost,82,0.9451659451659452
S4_Stream,KDD,M3_IsolationForest,82,0.8412322274881516
S4_Stream,KDD,M1_LogisticRegression,83,0.9944695827048768
S4_Stream,KDD,M2_XGBoost,83,0.0392156862745098
S4_Stream,KDD,M3_IsolationForest,83,1.0
S4_Stream,KDD,M1_LogisticRegression,84,1.0
S4_Stream,KDD,M2_XGBoost,84,0.0
S4_Stream,KDD,M3_IsolationForest,84,1.0
S4_Stream,KDD,M1_LogisticRegression,85,1.0
S4_Stream,KDD,M2_XGBoost,85,0.0
S4_Stream,KDD,M3_IsolationForest,85,1.0
S4_Stream,KDD,M1_LogisticRegression,86,1.0
S4_Stream,KDD,M2_XGBoost,86,0.0
S4_Stream,KDD,M3_IsolationForest,86,1.0
S4_Stream,KDD,M1_LogisticRegression,87,1.0
S4_Stream,KDD,M2_XGBoost,87,0.0
S4_Stream,KDD,M3_IsolationForest,87,1.0
S4_Stream,KDD,M1_LogisticRegression,88,1.0
S4_Stream,KDD,M2_XGBoost,88,0.0
S4_Stream,KDD,M3_IsolationForest,88,1.0
S4_Stream,KDD,M1_LogisticRegression,89,0.7890909090909091
S4_Stream,KDD,M2_XGBoost,89,0.7397260273972602
S4_Stream,KDD,M3_IsolationForest,89,0.9395248380129589
S4_Stream,KDD,M1_LogisticRegression,90,0.329156223893066
S4_Stream,KDD,M2_XGBoost,90,0.6896551724137931
S4_Stream,KDD,M3_IsolationForest,90,0.1611804767309875
S4_Stream,KDD,M1_LogisticRegression,91,0.23185840707964603
S4_Stream,KDD,M2_XGBoost,91,0.8115015974440895
S4_Stream,KDD,M3_IsolationForest,91,0.12415349887133183
S4_Stream,KDD,M1_LogisticRegression,92,0.27399650959860383
S4_Stream,KDD,M2_XGBoost,92,0.9057591623036649
S4_Stream,KDD,M3_IsolationForest,92,0.11063829787234042
S4_Stream,KDD,M1_LogisticRegression,93,0.2904062229904927
S4_Stream,KDD,M2_XGBoost,93,0.9184782608695652
S4_Stream,KDD,M3_IsolationForest,93,0.09698275862068965
S4_Stream,KDD,M1_LogisticRegression,94,0.31959629941127
S4_Stream,KDD,M2_XGBoost,94,0.712166172106825
S4_Stream,KDD,M3_IsolationForest,94,0.18943170488534397
S4_Stream,KDD,M1_LogisticRegression,95,0.3870967741935484
S4_Stream,KDD,M2_XGBoost,95,0.6956521739130435
S4_Stream,KDD,M3_IsolationForest,95,0.17556346381969157
S4_Stream,KDD,M1_LogisticRegression,96,0.6754966887417219
S4_Stream,KDD,M2_XGBoost,96,0.603739982190561
S4_Stream,KDD,M3_IsolationForest,96,0.5363357215967247
S4_Stream,KDD,M1_LogisticRegression,97,0.6072423398328691
S4_Stream,KDD,M2_XGBoost,97,0.7145187601957586
S4_Stream,KDD,M3_IsolationForest,97,0.3001579778830964
S4_Stream,KDD,M1_LogisticRegression,98,0.4863636363636364
S4_Stream,KDD,M2_XGBoost,98,0.6043437204910292
S4_Stream,KDD,M3_IsolationForest,98,0.23510466988727857
S4_Stream,KDD,M1_LogisticRegression,99,0.2521891418563923
S4_Stream,KDD,M2_XGBoost,99,0.9278996865203761
S4_Stream,KDD,M3_IsolationForest,99,0.09192825112107623
S4_Stream,KDD,M1_LogisticRegression,100,0.27335640138408307
S4_Stream,KDD,M2_XGBoost,100,0.918918918918919
S4_Stream,KDD,M3_IsolationForest,100,0.1337719298245614
S4_Stream,KDD,M1_LogisticRegression,101,0.2632955536181343
S4_Stream,KDD,M2_XGBoost,101,0.9230769230769231
S4_Stream,KDD,M3_IsolationForest,101,0.17716115261472787
S4_Stream,KDD,M1_LogisticRegression,102,0.019801980198019802
S4_Stream,KDD,M2_XGBoost,102,0.9967707212055974
S4_Stream,KDD,M3_IsolationForest,102,0.9634655532359081
S4_Stream,KDD,M1_LogisticRegression,103,0.001998001998001998
S4_Stream,KDD,M2_XGBoost,103,0.9994916115912558
S4_Stream,KDD,M3_IsolationForest,103,0.9934310257705912
S4_Stream,KDD,M1_LogisticRegression,104,0.0
S4_Stream,KDD,M2_XGBoost,104,1.0
S4_Stream,KDD,M3_IsolationForest,104,0.9959718026183283
S4_Stream,KDD,M1_LogisticRegression,105,0.005982053838484547
S4_Stream,KDD,M2_XGBoost,105,0.998972250770812
S4_Stream,KDD,M3_IsolationForest,105,0.9883070665988816
S4_Stream,KDD,M1_LogisticRegression,106,0.001998001998001998
S4_Stream,KDD,M2_XGBoost,106,0.9964084145715751
S4_Stream,KDD,M3_IsolationForest,106,0.9867751780264497
S4_Stream,KDD,M1_LogisticRegression,107,0.001998001998001998
S4_Stream,KDD,M2_XGBoost,107,0.9927909371781668
S4_Stream,KDD,M3_IsolationForest,107,0.9826883910386965
S4_Stream,KDD,M1_LogisticRegression,108,0.005982053838484547
S4_Stream,KDD,M2_XGBoost,108,0.9974476773864216
S4_Stream,KDD,M3_IsolationForest,108,0.9868287740628167
S4_Stream,KDD,M1_LogisticRegression,109,0.005982053838484547
S4_Stream,KDD,M2_XGBoost,109,0.9989743589743589
S4_Stream,KDD,M3_IsolationForest,109,0.9867886178861789
S4_Stream,KDD,M1_LogisticRegression,110,0.0
S4_Stream,KDD,M2_XGBoost,110,1.0
S4_Stream,KDD,M3_IsolationForest,110,0.9969909729187563
S4_Stream,KDD,M1_LogisticRegression,111,0.002
S4_Stream,KDD,M2_XGBoost,111,1.0
S4_Stream,KDD,M3_IsolationForest,111,0.9954705586311021
S4_Stream,KDD,M1_LogisticRegression,112,0.002034587995930824
S4_Stream,KDD,M2_XGBoost,112,1.0
S4_Stream,KDD,M3_IsolationForest,112,0.9862595419847329
S4_Stream,KDD,M1_LogisticRegression,113,0.009950248756218905
S4_Stream,KDD,M2_XGBoost,113,0.9984591679506933
S4_Stream,KDD,M3_IsolationForest,113,0.9893238434163701
S4_Stream,KDD,M1_LogisticRegression,114,0.001998001998001998
S4_Stream,KDD,M2_XGBoost,114,0.9994926433282597
S4_Stream,KDD,M3_IsolationForest,114,0.992936427850656
S4_Stream,KDD,M1_LogisticRegression,115,0.003992015968063872
S4_Stream,KDD,M2_XGBoost,115,0.9989754098360656
S4_Stream,KDD,M3_IsolationForest,115,0.991869918699187
S4_Stream,KDD,M1_LogisticRegression,116,0.00796812749003984
S4_Stream,KDD,M2_XGBoost,116,1.0
S4_Stream,KDD,M3_IsolationForest,116,0.9888324873096447
S4_Stream,KDD,M1_LogisticRegression,117,0.0
S4_Stream,KDD,M2_XGBoost,117,1.0
S4_Stream,KDD,M3_IsolationForest,117,0.995475113122172
S4_Stream,KDD,M1_LogisticRegression,118,0.0
S4_Stream,KDD,M2_XGBoost,118,1.0
S4_Stream,KDD,M3_IsolationForest,118,0.9979939819458375
S4_Stream,KDD,M1_LogisticRegression,119,0.0
S4_Stream,KDD,M2_XGBoost,119,0.9989764585465711
S4_Stream,KDD,M3_IsolationForest,119,0.9903602232369355
S4_Stream,KDD,M1_LogisticRegression,120,0.0
S4_Stream,KDD,M2_XGBoost,120,1.0
S4_Stream,KDD,M3_IsolationForest,120,0.9867886178861789
S4_Stream,KDD,M1_LogisticRegression,121,0.00796812749003984
S4_Stream,KDD,M2_XGBoost,121,1.0
S4_Stream,KDD,M3_IsolationForest,121,0.9974886991461577
S4_Stream,KDD,M1_LogisticRegression,122,0.0
S4_Stream,KDD,M2_XGBoost,122,0.9984639016897081
S4_Stream,KDD,M3_IsolationForest,122,0.9888438133874239
S4_Stream,KDD,M1_LogisticRegression,123,0.2119815668202765
S4_Stream,KDD,M2_XGBoost,123,0.8950617283950617
S4_Stream,KDD,M3_IsolationForest,123,0.11205073995771671
S4_Stream,KDD,M1_LogisticRegression,124,0.3284608770421324
S4_Stream,KDD,M2_XGBoost,124,0.8806584362139918
S4_Stream,KDD,M3_IsolationForest,124,0.1812366737739872
S4_Stream,KDD,M1_LogisticRegression,125,0.7963855421686747
S4_Stream,KDD,M2_XGBoost,125,0.8118421052631579
S4_Stream,KDD,M3_IsolationForest,125,0.801452784503632
S4_Stream,KDD,M1_LogisticRegression,126,0.9984977466199298
S4_Stream,KDD,M2_XGBoost,126,1.0
S4_Stream,KDD,M3_IsolationForest,126,0.9904088844018173
S4_Stream,KDD,M1_LogisticRegression,127,0.9979959919839679
S4_Stream,KDD,M2_XGBoost,127,1.0
S4_Stream,KDD,M3_IsolationForest,127,0.998998998998999
S4_Stream,KDD,M1_LogisticRegression,128,0.9969909729187563
S4_Stream,KDD,M2_XGBoost,128,1.0
S4_Stream,KDD,M3_IsolationForest,128,0.9959839357429718
S4_Stream,KDD,M1_LogisticRegression,129,0.9954796584630838
S4_Stream,KDD,M2_XGBoost,129,1.0
S4_Stream,KDD,M3_IsolationForest,129,0.9969909729187563
S4_Stream,KDD,M1_LogisticRegression,130,0.9714878175220322
S4_Stream,KDD,M2_XGBoost,130,0.9958246346555324
S4_Stream,KDD,M3_IsolationForest,130,0.9349112426035503
S4_Stream,KDD,M1_LogisticRegression,131,0.7282252783235101
S4_Stream,KDD,M2_XGBoost,131,0.7215311004784689
S4_Stream,KDD,M3_IsolationForest,131,0.23076923076923078
S4_Stream,KDD,M1_LogisticRegression,132,0.7637051039697542
S4_Stream,KDD,M2_XGBoost,132,0.6405867970660146
S4_Stream,KDD,M3_IsolationForest,132,0.2622601279317697
S4_Stream,KDD,M1_LogisticRegression,133,0.56
S4_Stream,KDD,M2_XGBoost,133,0.888402625820569
S4_Stream,KDD,M3_IsolationForest,133,0.5946872322193659
S4_Stream,KDD,M1_LogisticRegression,134,0.6771978021978022
S4_Stream,KDD,M2_XGBoost,134,0.859983429991715
S4_Stream,KDD,M3_IsolationForest,134,0.7767918088737201
S4_Stream,KDD,M1_LogisticRegression,135,0.2793103448275862
S4_Stream,KDD,M2_XGBoost,135,0.6680161943319838
S4_Stream,KDD,M3_IsolationForest,135,0.14425427872860636
S4_Stream,KDD,M1_LogisticRegression,136,0.28030954428202925
S4_Stream,KDD,M2_XGBoost,136,0.7169811320754716
S4_Stream,KDD,M3_IsolationForest,136,0.12298682284040996
S4_Stream,KDD,M1_LogisticRegression,137,0.6440677966101694
S4_Stream,KDD,M2_XGBoost,137,0.9312977099236641
S4_Stream,KDD,M3_IsolationForest,137,0.6822351959966639
S4_Stream,KDD,M1_LogisticRegression,138,0.8088147706968434
S4_Stream,KDD,M2_XGBoost,138,0.9570119802677942
S4_Stream,KDD,M3_IsolationForest,138,0.8448275862068966
S4_Stream,KDD,M1_LogisticRegression,139,0.7714987714987716
S4_Stream,KDD,M2_XGBoost,139,0.963076923076923
S4_Stream,KDD,M3_IsolationForest,139,0.8047255038220987
S4_Stream,KDD,M1_LogisticRegression,140,0.8626780626780627
S4_Stream,KDD,M2_XGBoost,140,0.9321028345418589
S4_Stream,KDD,M3_IsolationForest,140,0.8833124215809285
S4_Stream,KDD,M1_LogisticRegression,141,0.8968560397131826
S4_Stream,KDD,M2_XGBoost,141,0.9547374773687387
S4_Stream,KDD,M3_IsolationForest,141,0.9084380610412927
S4_Stream,KDD,M1_LogisticRegression,142,0.6945169712793734
S4_Stream,KDD,M2_XGBoost,142,0.8367052023121387
S4_Stream,KDD,M3_IsolationForest,142,0.6453433678269049
S4_Stream,KDD,M1_LogisticRegression,143,0.6522911051212938
S4_Stream,KDD,M2_XGBoost,143,0.7611710323574731
S4_Stream,KDD,M3_IsolationForest,143,0.2733612273361227
S4_Stream,KDD,M1_LogisticRegression,144,0.4603541185527329
S4_Stream,KDD,M2_XGBoost,144,0.53184165232358
S4_Stream,KDD,M3_IsolationForest,144,0.2563237774030354
S4_Stream,KDD,M1_LogisticRegression,145,0.003992015968063872
S4_Stream,KDD,M2_XGBoost,145,0.024242424242424242
S4_Stream,KDD,M3_IsolationForest,145,0.005471956224350205
S4_Stream,KDD,M1_LogisticRegression,146,0.017839444995044598
S4_Stream,KDD,M2_XGBoost,146,0.45
S4_Stream,KDD,M3_IsolationForest,146,0.025280898876404494
S4_Stream,KDD,M1_LogisticRegression,147,0.0
S4_Stream,KDD,M2_XGBoost,147,0.0
S4_Stream,KDD,M3_IsolationForest,147,0.0
S4_Stream,KDD,M1_LogisticRegression,148,0.007976071784646061
S4_Stream,KDD,M2_XGBoost,148,0.16216216216216217
S4_Stream,KDD,M3_IsolationForest,148,0.011347517730496455
S4_Stream,KDD,M1_LogisticRegression,149,0.003996003996003996
S4_Stream,KDD,M2_XGBoost,149,0.15384615384615385
S4_Stream,KDD,M3_IsolationForest,149,0.005044136191677175
S4_Stream,KDD,M1_LogisticRegression,150,0.03736479842674533
S4_Stream,KDD,M2_XGBoost,150,0.2389937106918239
S4_Stream,KDD,M3_IsolationForest,150,0.04423748544819558
S4_Stream,KDD,M1_LogisticRegression,151,0.3982832618025751
S4_Stream,KDD,M2_XGBoost,151,0.9004854368932039
S4_Stream,KDD,M3_IsolationForest,151,0.6073469387755102
S4_Stream,KDD,M1_LogisticRegression,152,0.33194328607172646
S4_Stream,KDD,M2_XGBoost,152,0.961352657004831
S4_Stream,KDD,M3_IsolationForest,152,0.3983983983983984
S4_Stream,KDD,M1_LogisticRegression,153,0.0
S4_Stream,KDD,M2_XGBoost,153,0.0
S4_Stream,KDD,M3_IsolationForest,153,0.0
S4_Stream,KDD,M1_LogisticRegression,154,0.0
S4_Stream,KDD,M2_XGBoost,154,0.0
S4_Stream,KDD,M3_IsolationForest,154,0.0
S4_Stream,KDD,M1_LogisticRegression,155,0.0
S4_Stream,KDD,M2_XGBoost,155,0.0
S4_Stream,KDD,M3_IsolationForest,155,0.0
S4_Stream,KDD,M1_LogisticRegression,156,0.003992015968063872
S4_Stream,KDD,M2_XGBoost,156,0.13793103448275862
S4_Stream,KDD,M3_IsolationForest,156,0.005681818181818182
S4_Stream,KDD,M1_LogisticRegression,157,0.8801791713325868
S4_Stream,KDD,M2_XGBoost,157,0.9930511686670878
S4_Stream,KDD,M3_IsolationForest,157,0.9097222222222222
S4_Stream,KDD,M1_LogisticRegression,158,0.9994997498749375
S4_Stream,KDD,M2_XGBoost,158,1.0
S4_Stream,KDD,M3_IsolationForest,158,0.9994997498749375
S4_Stream,KDD,M1_LogisticRegression,159,1.0
S4_Stream,KDD,M2_XGBoost,159,1.0
S4_Stream,KDD,M3_IsolationForest,159,1.0
S4_Stream,KDD,M1_LogisticRegression,160,0.9994997498749375
S4_Stream,KDD,M2_XGBoost,160,0.9994997498749375
S4_Stream,KDD,M3_IsolationForest,160,0.9994997498749375
S4_Stream,KDD,M1_LogisticRegression,161,1.0
S4_Stream,KDD,M2_XGBoost,161,1.0
S4_Stream,KDD,M3_IsolationForest,161,1.0
S4_Stream,KDD,M1_LogisticRegression,162,0.9974937343358395
S4_Stream,KDD,M2_XGBoost,162,1.0
S4_Stream,KDD,M3_IsolationForest,162,0.9984947315604616
S4_Stream,KDD,M1_LogisticRegression,163,0.9964877069744105
S4_Stream,KDD,M2_XGBoost,163,1.0
S4_Stream,KDD,M3_IsolationForest,163,0.9969879518072289
S4_Stream,KDD,M1_LogisticRegression,164,0.998998998998999
S4_Stream,KDD,M2_XGBoost,164,1.0
S4_Stream,KDD,M3_IsolationForest,164,1.0
S4_Stream,KDD,M1_LogisticRegression,165,0.9974937343358395
S4_Stream,KDD,M2_XGBoost,165,1.0
S4_Stream,KDD,M3_IsolationForest,165,0.9979939819458375
S4_Stream,KDD,M1_LogisticRegression,166,0.9924433249370277
S4_Stream,KDD,M2_XGBoost,166,1.0
S4_Stream,KDD,M3_IsolationForest,166,0.9974683544303797
S4_Stream,KDD,M1_LogisticRegression,167,0.9964877069744105
S4_Stream,KDD,M2_XGBoost,167,1.0
S4_Stream,KDD,M3_IsolationForest,167,0.9979899497487437
S4_Stream,KDD,M1_LogisticRegression,168,0.9959839357429718
S4_Stream,KDD,M2_XGBoost,168,1.0
S4_Stream,KDD,M3_IsolationForest,168,0.9959839357429718
S4_Stream,KDD,M1_LogisticRegression,169,0.9909182643794148
S4_Stream,KDD,M2_XGBoost,169,0.9994910941475827
S4_Stream,KDD,M3_IsolationForest,169,0.9939271255060729
S4_Stream,KDD,M1_LogisticRegression,170,0.9924433249370277
S4_Stream,KDD,M2_XGBoost,170,1.0
S4_Stream,KDD,M3_IsolationForest,170,0.9959555106167847
S4_Stream,KDD,M1_LogisticRegression,171,0.9964877069744105
S4_Stream,KDD,M2_XGBoost,171,1.0
S4_Stream,KDD,M3_IsolationForest,171,0.9974886991461577
S4_Stream,KDD,M1_LogisticRegression,172,0.9944695827048768
S4_Stream,KDD,M2_XGBoost,172,1.0
S4_Stream,KDD,M3_IsolationForest,172,0.9959718026183283
S4_Stream,KDD,M1_LogisticRegression,173,0.9964877069744105
S4_Stream,KDD,M2_XGBoost,173,1.0
S4_Stream,KDD,M3_IsolationForest,173,0.9969879518072289
S4_Stream,KDD,M1_LogisticRegression,174,0.9954796584630838
S4_Stream,KDD,M2_XGBoost,174,1.0
S4_Stream,KDD,M3_IsolationForest,174,0.9969818913480886
S4_Stream,KDD,M1_LogisticRegression,175,0.9969909729187563
S4_Stream,KDD,M2_XGBoost,175,1.0
S4_Stream,KDD,M3_IsolationForest,175,0.9994972347913524
S4_Stream,KDD,M1_LogisticRegression,176,0.9984977466199298
S4_Stream,KDD,M2_XGBoost,176,1.0
S4_Stream,KDD,M3_IsolationForest,176,0.998997995991984
S4_Stream,KDD,M1_LogisticRegression,177,0.9253089736700698
S4_Stream,KDD,M2_XGBoost,177,0.9653145208700764
S4_Stream,KDD,M3_IsolationForest,177,0.9529607083563918
S4_Stream,KDD,M1_LogisticRegression,178,1.0
S4_Stream,KDD,M2_XGBoost,178,0.0
S4_Stream,KDD,M3_IsolationForest,178,1.0
S4_Stream,KDD,M1_LogisticRegression,179,1.0
S4_Stream,KDD,M2_XGBoost,179,0.0
S4_Stream,KDD,M3_IsolationForest,179,1.0
S4_Stream,KDD,M1_LogisticRegression,180,1.0
S4_Stream,KDD,M2_XGBoost,180,0.0
S4_Stream,KDD,M3_IsolationForest,180,1.0
S4_Stream,KDD,M1_LogisticRegression,181,1.0
S4_Stream,KDD,M2_XGBoost,181,0.0
S4_Stream,KDD,M3_IsolationForest,181,1.0
S4_Stream,KDD,M1_LogisticRegression,182,1.0
S4_Stream,KDD,M2_XGBoost,182,0.0
S4_Stream,KDD,M3_IsolationForest,182,1.0
S4_Stream,KDD,M1_LogisticRegression,183,1.0
S4_Stream,KDD,M2_XGBoost,183,0.0
S4_Stream,KDD,M3_IsolationForest,183,1.0
S4_Stream,KDD,M1_LogisticRegression,184,1.0
S4_Stream,KDD,M2_XGBoost,184,0.0
S4_Stream,KDD,M3_IsolationForest,184,1.0
S4_Stream,KDD,M1_LogisticRegression,185,1.0
S4_Stream,KDD,M2_XGBoost,185,0.0
S4_Stream,KDD,M3_IsolationForest,185,1.0
S4_Stream,KDD,M1_LogisticRegression,186,1.0
S4_Stream,KDD,M2_XGBoost,186,0.0
S4_Stream,KDD,M3_IsolationForest,186,1.0
S4_Stream,KDD,M1_LogisticRegression,187,1.0
S4_Stream,KDD,M2_XGBoost,187,0.0
S4_Stream,KDD,M3_IsolationForest,187,1.0
S4_Stream,KDD,M1_LogisticRegression,188,1.0
S4_Stream,KDD,M2_XGBoost,188,0.0
S4_Stream,KDD,M3_IsolationForest,188,1.0
S4_Stream,KDD,M1_LogisticRegression,189,1.0
S4_Stream,KDD,M2_XGBoost,189,0.0
S4_Stream,KDD,M3_IsolationForest,189,1.0
S4_Stream,KDD,M1_LogisticRegression,190,1.0
S4_Stream,KDD,M2_XGBoost,190,0.0
S4_Stream,KDD,M3_IsolationForest,190,1.0
S4_Stream,KDD,M1_LogisticRegression,191,1.0
S4_Stream,KDD,M2_XGBoost,191,0.0
S4_Stream,KDD,M3_IsolationForest,191,1.0
S4_Stream,KDD,M1_LogisticRegression,192,1.0
S4_Stream,KDD,M2_XGBoost,192,0.0
S4_Stream,KDD,M3_IsolationForest,192,1.0
S4_Stream,KDD,M1_LogisticRegression,193,1.0
S4_Stream,KDD,M2_XGBoost,193,0.0
S4_Stream,KDD,M3_IsolationForest,193,1.0
S4_Stream,KDD,M1_LogisticRegression,194,1.0
S4_Stream,KDD,M2_XGBoost,194,0.0
S4_Stream,KDD,M3_IsolationForest,194,1.0
S4_Stream,KDD,M1_LogisticRegression,195,1.0
S4_Stream,KDD,M2_XGBoost,195,0.0
S4_Stream,KDD,M3_IsolationForest,195,1.0
S4_Stream,KDD,M1_LogisticRegression,196,1.0
S4_Stream,KDD,M2_XGBoost,196,0.0
S4_Stream,KDD,M3_IsolationForest,196,1.0
S4_Stream,KDD,M1_LogisticRegression,197,1.0
S4_Stream,KDD,M2_XGBoost,197,0.0
S4_Stream,KDD,M3_IsolationForest,197,1.0
S4_Stream,KDD,M1_LogisticRegression,198,1.0
S4_Stream,KDD,M2_XGBoost,198,0.0
S4_Stream,KDD,M3_IsolationForest,198,1.0
S4_Stream,KDD,M1_LogisticRegression,199,1.0
S4_Stream,KDD,M2_XGBoost,199,0.0
S4_Stream,KDD,M3_IsolationForest,199,1.0
S4_Stream,KDD,M1_LogisticRegression,200,1.0
S4_Stream,KDD,M2_XGBoost,200,0.0
S4_Stream,KDD,M3_IsolationForest,200,1.0
S4_Stream,KDD,M1_LogisticRegression,201,1.0
S4_Stream,KDD,M2_XGBoost,201,0.0
S4_Stream,KDD,M3_IsolationForest,201,1.0
S4_Stream,KDD,M1_LogisticRegression,202,1.0
S4_Stream,KDD,M2_XGBoost,202,0.0
S4_Stream,KDD,M3_IsolationForest,202,1.0
S4_Stream,KDD,M1_LogisticRegression,203,1.0
S4_Stream,KDD,M2_XGBoost,203,0.0
S4_Stream,KDD,M3_IsolationForest,203,1.0
S4_Stream,KDD,M1_LogisticRegression,204,1.0
S4_Stream,KDD,M2_XGBoost,204,0.0
S4_Stream,KDD,M3_IsolationForest,204,1.0
S4_Stream,KDD,M1_LogisticRegression,205,1.0
S4_Stream,KDD,M2_XGBoost,205,0.0
S4_Stream,KDD,M3_IsolationForest,205,1.0
S4_Stream,KDD,M1_LogisticRegression,206,1.0
S4_Stream,KDD,M2_XGBoost,206,0.0
S4_Stream,KDD,M3_IsolationForest,206,1.0
S4_Stream,KDD,M1_LogisticRegression,207,1.0
S4_Stream,KDD,M2_XGBoost,207,0.0
S4_Stream,KDD,M3_IsolationForest,207,1.0
S4_Stream,KDD,M1_LogisticRegression,208,1.0
S4_Stream,KDD,M2_XGBoost,208,0.0
S4_Stream,KDD,M3_IsolationForest,208,1.0
S4_Stream,KDD,M1_LogisticRegression,209,1.0
S4_Stream,KDD,M2_XGBoost,209,0.0
S4_Stream,KDD,M3_IsolationForest,209,1.0
S4_Stream,KDD,M1_LogisticRegression,210,0.5152190051967335
S4_Stream,KDD,M2_XGBoost,210,0.004987531172069825
S4_Stream,KDD,M3_IsolationForest,210,0.5951972555746141
S4_Stream,KDD,M1_LogisticRegression,211,0.00796812749003984
S4_Stream,KDD,M2_XGBoost,211,0.2608695652173913
S4_Stream,KDD,M3_IsolationForest,211,0.01092896174863388
S4_Stream,KDD,M1_LogisticRegression,212,0.00796812749003984
S4_Stream,KDD,M2_XGBoost,212,0.25806451612903225
S4_Stream,KDD,M3_IsolationForest,212,0.010973936899862825
S4_Stream,KDD,M1_LogisticRegression,213,0.009950248756218905
S4_Stream,KDD,M2_XGBoost,213,0.29411764705882354
S4_Stream,KDD,M3_IsolationForest,213,0.011444921316165951
S4_Stream,KDD,M1_LogisticRegression,214,0.013902681231380337
S4_Stream,KDD,M2_XGBoost,214,0.32558139534883723
S4_Stream,KDD,M3_IsolationForest,214,0.01891891891891892
S4_Stream,KDD,M1_LogisticRegression,215,0.9077007099945386
S4_Stream,KDD,M2_XGBoost,215,0.0024009603841536613
S4_Stream,KDD,M3_IsolationForest,215,0.9197565024903155
S4_Stream,KDD,M1_LogisticRegression,216,1.0
S4_Stream,KDD,M2_XGBoost,216,1.0
S4_Stream,KDD,M3_IsolationForest,216,1.0
S4_Stream,KDD,M1_LogisticRegression,217,1.0
S4_Stream,KDD,M2_XGBoost,217,1.0
S4_Stream,KDD,M3_IsolationForest,217,1.0
S4_Stream,KDD,M1_LogisticRegression,218,1.0
S4_Stream,KDD,M2_XGBoost,218,1.0
S4_Stream,KDD,M3_IsolationForest,218,1.0
S4_Stream,KDD,M1_LogisticRegression,219,1.0
S4_Stream,KDD,M2_XGBoost,219,1.0
S4_Stream,KDD,M3_IsolationForest,219,1.0
S4_Stream,KDD,M1_LogisticRegression,220,1.0
S4_Stream,KDD,M2_XGBoost,220,1.0
S4_Stream,KDD,M3_IsolationForest,220,1.0
S4_Stream,KDD,M1_LogisticRegression,221,1.0
S4_Stream,KDD,M2_XGBoost,221,1.0
S4_Stream,KDD,M3_IsolationForest,221,1.0
S4_Stream,KDD,M1_LogisticRegression,222,1.0
S4_Stream,KDD,M2_XGBoost,222,1.0
S4_Stream,KDD,M3_IsolationForest,222,1.0
S4_Stream,KDD,M1_LogisticRegression,223,1.0
S4_Stream,KDD,M2_XGBoost,223,1.0
S4_Stream,KDD,M3_IsolationForest,223,1.0
S4_Stream,KDD,M1_LogisticRegression,224,1.0
S4_Stream,KDD,M2_XGBoost,224,1.0
S4_Stream,KDD,M3_IsolationForest,224,1.0
S4_Stream,KDD,M1_LogisticRegression,225,0.8610478359908884
S4_Stream,KDD,M2_XGBoost,225,1.0
S4_Stream,KDD,M3_IsolationForest,225,0.877030162412993
S4_Stream,KDD,M1_LogisticRegression,226,0.013902681231380337
S4_Stream,KDD,M2_XGBoost,226,0.2222222222222222
S4_Stream,KDD,M3_IsolationForest,226,0.0213089802130898
S4_Stream,KDD,M1_LogisticRegression,227,0.3673469387755102
S4_Stream,KDD,M2_XGBoost,227,0.75
S4_Stream,KDD,M3_IsolationForest,227,0.47568710359408034
S4_Stream,KDD,M1_LogisticRegression,228,0.49962490622655664
S4_Stream,KDD,M2_XGBoost,228,0.8445945945945946
S4_Stream,KDD,M3_IsolationForest,228,0.6265286923800565
S4_Stream,KDD,M1_LogisticRegression,229,0.3700081499592502
S4_Stream,KDD,M2_XGBoost,229,0.8043478260869565
S4_Stream,KDD,M3_IsolationForest,229,0.5483091787439613
S4_Stream,KDD,M1_LogisticRegression,230,0.36065573770491804
S4_Stream,KDD,M2_XGBoost,230,0.6217391304347826
S4_Stream,KDD,M3_IsolationForest,230,0.6432748538011696
S4_Stream,KDD,M1_LogisticRegression,231,0.4447900466562986
S4_Stream,KDD,M2_XGBoost,231,0.9879101899827288
S4_Stream,KDD,M3_IsolationForest,231,0.6111111111111112
S4_Stream,KDD,M1_LogisticRegression,232,0.50187265917603
S4_Stream,KDD,M2_XGBoost,232,0.992548435171386
S4_Stream,KDD,M3_IsolationForest,232,0.6549364613880743
S4_Stream,KDD,M1_LogisticRegression,233,0.6945169712793734
S4_Stream,KDD,M2_XGBoost,233,0.553306342780027
S4_Stream,KDD,M3_IsolationForest,233,0.8147013782542113
S4_Stream,KDD,M1_LogisticRegression,234,1.0
S4_Stream,KDD,M2_XGBoost,234,0.0
S4_Stream,KDD,M3_IsolationForest,234,1.0
S4_Stream,KDD,M1_LogisticRegression,235,1.0
S4_Stream,KDD,M2_XGBoost,235,0.0
S4_Stream,KDD,M3_IsolationForest,235,1.0
S4_Stream,KDD,M1_LogisticRegression,236,1.0
S4_Stream,KDD,M2_XGBoost,236,0.0
S4_Stream,KDD,M3_IsolationForest,236,1.0
S4_Stream,KDD,M1_LogisticRegression,237,1.0
S4_Stream,KDD,M2_XGBoost,237,0.0
S4_Stream,KDD,M3_IsolationForest,237,1.0
S4_Stream,KDD,M1_LogisticRegression,238,1.0
S4_Stream,KDD,M2_XGBoost,238,0.0
S4_Stream,KDD,M3_IsolationForest,238,1.0
S4_Stream,KDD,M1_LogisticRegression,239,1.0
S4_Stream,KDD,M2_XGBoost,239,0.0
S4_Stream,KDD,M3_IsolationForest,239,1.0
S4_Stream,KDD,M1_LogisticRegression,240,1.0
S4_Stream,KDD,M2_XGBoost,240,0.0
S4_Stream,KDD,M3_IsolationForest,240,1.0
S4_Stream,KDD,M1_LogisticRegression,241,1.0
S4_Stream,KDD,M2_XGBoost,241,0.0
S4_Stream,KDD,M3_IsolationForest,241,1.0
S4_Stream,KDD,M1_LogisticRegression,242,1.0
S4_Stream,KDD,M2_XGBoost,242,0.0
S4_Stream,KDD,M3_IsolationForest,242,1.0
S4_Stream,KDD,M1_LogisticRegression,243,1.0
S4_Stream,KDD,M2_XGBoost,243,0.0
S4_Stream,KDD,M3_IsolationForest,243,1.0
S4_Stream,KDD,M1_LogisticRegression,244,1.0
S4_Stream,KDD,M2_XGBoost,244,0.0
S4_Stream,KDD,M3_IsolationForest,244,1.0
S4_Stream,KDD,M1_LogisticRegression,245,1.0
S4_Stream,KDD,M2_XGBoost,245,0.0
S4_Stream,KDD,M3_IsolationForest,245,1.0
S4_Stream,KDD,M1_LogisticRegression,246,1.0
S4_Stream,KDD,M2_XGBoost,246,0.0
S4_Stream,KDD,M3_IsolationForest,246,1.0
S4_Stream,KDD,M1_LogisticRegression,247,1.0
S4_Stream,KDD,M2_XGBoost,247,0.0
S4_Stream,KDD,M3_IsolationForest,247,1.0
S4_Stream,KDD,M1_LogisticRegression,248,1.0
S4_Stream,KDD,M2_XGBoost,248,0.0
S4_Stream,KDD,M3_IsolationForest,248,1.0
S4_Stream,KDD,M1_LogisticRegression,249,1.0
S4_Stream,KDD,M2_XGBoost,249,0.0
S4_Stream,KDD,M3_IsolationForest,249,1.0
S4_Stream,KDD,M1_LogisticRegression,250,1.0
S4_Stream,KDD,M2_XGBoost,250,0.0
S4_Stream,KDD,M3_IsolationForest,250,1.0
S4_Stream,KDD,M1_LogisticRegression,251,1.0
S4_Stream,KDD,M2_XGBoost,251,0.0
S4_Stream,KDD,M3_IsolationForest,251,1.0
S4_Stream,KDD,M1_LogisticRegression,252,1.0
S4_Stream,KDD,M2_XGBoost,252,0.0
S4_Stream,KDD,M3_IsolationForest,252,1.0
S4_Stream,KDD,M1_LogisticRegression,253,1.0
S4_Stream,KDD,M2_XGBoost,253,0.0
S4_Stream,KDD,M3_IsolationForest,253,1.0
S4_Stream,KDD,M1_LogisticRegression,254,1.0
S4_Stream,KDD,M2_XGBoost,254,0.0
S4_Stream,KDD,M3_IsolationForest,254,1.0
S4_Stream,KDD,M1_LogisticRegression,255,1.0
S4_Stream,KDD,M2_XGBoost,255,0.0
S4_Stream,KDD,M3_IsolationForest,255,1.0
S4_Stream,KDD,M1_LogisticRegression,256,1.0
S4_Stream,KDD,M2_XGBoost,256,0.0
S4_Stream,KDD,M3_IsolationForest,256,1.0
S4_Stream,KDD,M1_LogisticRegression,257,1.0
S4_Stream,KDD,M2_XGBoost,257,0.0
S4_Stream,KDD,M3_IsolationForest,257,1.0
S4_Stream,KDD,M1_LogisticRegression,258,1.0
S4_Stream,KDD,M2_XGBoost,258,0.0
S4_Stream,KDD,M3_IsolationForest,258,1.0
S4_Stream,KDD,M1_LogisticRegression,259,1.0
S4_Stream,KDD,M2_XGBoost,259,0.0
S4_Stream,KDD,M3_IsolationForest,259,1.0
S4_Stream,KDD,M1_LogisticRegression,260,1.0
S4_Stream,KDD,M2_XGBoost,260,0.0
S4_Stream,KDD,M3_IsolationForest,260,1.0
S4_Stream,KDD,M1_LogisticRegression,261,1.0
S4_Stream,KDD,M2_XGBoost,261,0.0
S4_Stream,KDD,M3_IsolationForest,261,1.0
S4_Stream,KDD,M1_LogisticRegression,262,1.0
S4_Stream,KDD,M2_XGBoost,262,0.0
S4_Stream,KDD,M3_IsolationForest,262,1.0
S4_Stream,KDD,M1_LogisticRegression,263,1.0
S4_Stream,KDD,M2_XGBoost,263,0.0
S4_Stream,KDD,M3_IsolationForest,263,1.0
S4_Stream,KDD,M1_LogisticRegression,264,1.0
S4_Stream,KDD,M2_XGBoost,264,0.0
S4_Stream,KDD,M3_IsolationForest,264,1.0
S4_Stream,KDD,M1_LogisticRegression,265,1.0
S4_Stream,KDD,M2_XGBoost,265,0.0
S4_Stream,KDD,M3_IsolationForest,265,1.0
S4_Stream,KDD,M1_LogisticRegression,266,1.0
S4_Stream,KDD,M2_XGBoost,266,0.0
S4_Stream,KDD,M3_IsolationForest,266,1.0
S4_Stream,KDD,M1_LogisticRegression,267,1.0
S4_Stream,KDD,M2_XGBoost,267,0.0
S4_Stream,KDD,M3_IsolationForest,267,1.0
S4_Stream,KDD,M1_LogisticRegression,268,1.0
S4_Stream,KDD,M2_XGBoost,268,0.0
S4_Stream,KDD,M3_IsolationForest,268,1.0
S4_Stream,KDD,M1_LogisticRegression,269,1.0
S4_Stream,KDD,M2_XGBoost,269,0.0
S4_Stream,KDD,M3_IsolationForest,269,1.0
S4_Stream,KDD,M1_LogisticRegression,270,1.0
S4_Stream,KDD,M2_XGBoost,270,0.0
S4_Stream,KDD,M3_IsolationForest,270,1.0
S4_Stream,KDD,M1_LogisticRegression,271,1.0
S4_Stream,KDD,M2_XGBoost,271,0.0
S4_Stream,KDD,M3_IsolationForest,271,1.0
S4_Stream,KDD,M1_LogisticRegression,272,1.0
S4_Stream,KDD,M2_XGBoost,272,0.0
S4_Stream,KDD,M3_IsolationForest,272,1.0
S4_Stream,KDD,M1_LogisticRegression,273,1.0
S4_Stream,KDD,M2_XGBoost,273,0.0
S4_Stream,KDD,M3_IsolationForest,273,1.0
S4_Stream,KDD,M1_LogisticRegression,274,1.0
S4_Stream,KDD,M2_XGBoost,274,0.0
S4_Stream,KDD,M3_IsolationForest,274,1.0
S4_Stream,KDD,M1_LogisticRegression,275,1.0
S4_Stream,KDD,M2_XGBoost,275,0.0
S4_Stream,KDD,M3_IsolationForest,275,1.0
S4_Stream,KDD,M1_LogisticRegression,276,1.0
S4_Stream,KDD,M2_XGBoost,276,0.0
S4_Stream,KDD,M3_IsolationForest,276,1.0
S4_Stream,KDD,M1_LogisticRegression,277,1.0
S4_Stream,KDD,M2_XGBoost,277,0.0
S4_Stream,KDD,M3_IsolationForest,277,1.0
S4_Stream,KDD,M1_LogisticRegression,278,1.0
S4_Stream,KDD,M2_XGBoost,278,0.0
S4_Stream,KDD,M3_IsolationForest,278,1.0
S4_Stream,KDD,M1_LogisticRegression,279,1.0
S4_Stream,KDD,M2_XGBoost,279,0.0
S4_Stream,KDD,M3_IsolationForest,279,1.0
S4_Stream,KDD,M1_LogisticRegression,280,1.0
S4_Stream,KDD,M2_XGBoost,280,0.0
S4_Stream,KDD,M3_IsolationForest,280,1.0
S4_Stream,KDD,M1_LogisticRegression,281,1.0
S4_Stream,KDD,M2_XGBoost,281,0.0
S4_Stream,KDD,M3_IsolationForest,281,1.0
S4_Stream,KDD,M1_LogisticRegression,282,0.6876640419947506
S4_Stream,KDD,M2_XGBoost,282,0.5879518072289157
S4_Stream,KDD,M3_IsolationForest,282,0.7876506024096386
S4_Stream,KDD,M1_LogisticRegression,283,0.5174203113417346
S4_Stream,KDD,M2_XGBoost,283,0.7236315086782377
S4_Stream,KDD,M3_IsolationForest,283,0.6698748796920115
S4_Stream,KDD,M1_LogisticRegression,284,0.19657348963029755
S4_Stream,KDD,M2_XGBoost,284,0.34768740031897927
S4_Stream,KDD,M3_IsolationForest,284,0.04736842105263158
S4_Stream,KDD,M1_LogisticRegression,285,0.4214680347277032
S4_Stream,KDD,M2_XGBoost,285,0.45223700120918986
S4_Stream,KDD,M3_IsolationForest,285,0.008097165991902834
S4_Stream,KDD,M1_LogisticRegression,286,0.21428571428571427
S4_Stream,KDD,M2_XGBoost,286,0.6469002695417789
S4_Stream,KDD,M3_IsolationForest,286,0.01309328968903437
S4_Stream,KDD,M1_LogisticRegression,287,0.24715162138475022
S4_Stream,KDD,M2_XGBoost,287,0.6666666666666666
S4_Stream,KDD,M3_IsolationForest,287,0.0034965034965034965
S4_Stream,KDD,M1_LogisticRegression,288,0.8808058198097369
S4_Stream,KDD,M2_XGBoost,288,0.07755581668625147
S4_Stream,KDD,M3_IsolationForest,288,0.9202898550724637
S4_Stream,KDD,M1_LogisticRegression,289,0.5152190051967335
S4_Stream,KDD,M2_XGBoost,289,0.4084507042253521
S4_Stream,KDD,M3_IsolationForest,289,0.5302013422818792
S4_Stream,KDD,M1_LogisticRegression,290,0.3221476510067114
S4_Stream,KDD,M2_XGBoost,290,0.7529411764705882
S4_Stream,KDD,M3_IsolationForest,290,0.22814814814814816
S4_Stream,KDD,M1_LogisticRegression,291,0.2920580700256191
S4_Stream,KDD,M2_XGBoost,291,0.6640776699029126
S4_Stream,KDD,M3_IsolationForest,291,0.0
S4_Stream,KDD,M1_LogisticRegression,292,0.8974641675854466
S4_Stream,KDD,M2_XGBoost,292,0.9302857142857143
S4_Stream,KDD,M3_IsolationForest,292,0.9169909208819714
S4_Stream,KDD,M1_LogisticRegression,293,1.0
S4_Stream,KDD,M2_XGBoost,293,1.0
S4_Stream,KDD,M3_IsolationForest,293,1.0
S4_Stream,KDD,M1_LogisticRegression,294,1.0
S4_Stream,KDD,M2_XGBoost,294,1.0
S4_Stream,KDD,M3_IsolationForest,294,1.0
S4_Stream,KDD,M1_LogisticRegression,295,1.0
S4_Stream,KDD,M2_XGBoost,295,1.0
S4_Stream,KDD,M3_IsolationForest,295,1.0
S4_Stream,KDD,M1_LogisticRegression,296,1.0
S4_Stream,KDD,M2_XGBoost,296,1.0
S4_Stream,KDD,M3_IsolationForest,296,1.0
S4_Stream,KDD,M1_LogisticRegression,297,1.0
S4_Stream,KDD,M2_XGBoost,297,1.0
S4_Stream,KDD,M3_IsolationForest,297,1.0
S4_Stream,KDD,M1_LogisticRegression,298,1.0
S4_Stream,KDD,M2_XGBoost,298,1.0
S4_Stream,KDD,M3_IsolationForest,298,1.0
S4_Stream,KDD,M1_LogisticRegression,299,1.0
S4_Stream,KDD,M2_XGBoost,299,1.0
S4_Stream,KDD,M3_IsolationForest,299,1.0
S4_Stream,KDD,M1_LogisticRegression,300,1.0
S4_Stream,KDD,M2_XGBoost,300,1.0
S4_Stream,KDD,M3_IsolationForest,300,1.0
S4_Stream,KDD,M1_LogisticRegression,301,1.0
S4_Stream,KDD,M2_XGBoost,301,1.0
S4_Stream,KDD,M3_IsolationForest,301,1.0
S4_Stream,KDD,M1_LogisticRegression,302,1.0
S4_Stream,KDD,M2_XGBoost,302,1.0
S4_Stream,KDD,M3_IsolationForest,302,1.0
S4_Stream,KDD,M1_LogisticRegression,303,0.998998998998999
S4_Stream,KDD,M2_XGBoost,303,1.0
S4_Stream,KDD,M3_IsolationForest,303,0.998998998998999
S4_Stream,KDD,M1_LogisticRegression,304,1.0
S4_Stream,KDD,M2_XGBoost,304,1.0
S4_Stream,KDD,M3_IsolationForest,304,1.0
S4_Stream,KDD,M1_LogisticRegression,305,1.0
S4_Stream,KDD,M2_XGBoost,305,1.0
S4_Stream,KDD,M3_IsolationForest,305,1.0
S4_Stream,KDD,M1_LogisticRegression,306,1.0
S4_Stream,KDD,M2_XGBoost,306,1.0
S4_Stream,KDD,M3_IsolationForest,306,1.0
S4_Stream,KDD,M1_LogisticRegression,307,1.0
S4_Stream,KDD,M2_XGBoost,307,1.0
S4_Stream,KDD,M3_IsolationForest,307,1.0
S4_Stream,KDD,M1_LogisticRegression,308,1.0
S4_Stream,KDD,M2_XGBoost,308,1.0
S4_Stream,KDD,M3_IsolationForest,308,1.0
S4_Stream,KDD,M1_LogisticRegression,309,0.7381703470031545
S4_Stream,KDD,M2_XGBoost,309,0.7983074753173484
S4_Stream,KDD,M3_IsolationForest,309,0.6903023983315955
S4_Stream,KDD,M1_LogisticRegression,310,0.5724482512491078
S4_Stream,KDD,M2_XGBoost,310,0.5920271416454622
S4_Stream,KDD,M3_IsolationForest,310,0.0
S4_Stream,KDD,M1_LogisticRegression,311,0.5853658536585366
S4_Stream,KDD,M2_XGBoost,311,0.5853658536585366
S4_Stream,KDD,M3_IsolationForest,311,0.0
S4_Stream,CORES,M1_LogisticRegression,0,0.6996098829648895
S4_Stream,CORES,M2_XGBoost,0,0.7071240105540897
S4_Stream,CORES,M3_IsolationForest,0,0.6996098829648895
S4_Stream,CORES,M1_LogisticRegression,1,0.6893840104849279
S4_Stream,CORES,M2_XGBoost,1,0.6999334664005322
S4_Stream,CORES,M3_IsolationForest,1,0.6893840104849279
S4_Stream,CORES,M1_LogisticRegression,2,0.7421383647798742
S4_Stream,CORES,M2_XGBoost,2,0.7544757033248082
S4_Stream,CORES,M3_IsolationForest,2,0.7421383647798742
S4_Stream,CORES,M1_LogisticRegression,3,0.7038237200259235
S4_Stream,CORES,M2_XGBoost,3,0.7135348226018396
S4_Stream,CORES,M3_IsolationForest,3,0.7038237200259235
S4_Stream,CORES,M1_LogisticRegression,4,0.695368558382257
S4_Stream,CORES,M2_XGBoost,4,0.7023102310231023
S4_Stream,CORES,M3_IsolationForest,4,0.695368558382257
S4_Stream,CORES,M1_LogisticRegression,5,0.6987638256343527
S4_Stream,CORES,M2_XGBoost,5,0.7108753315649867
S4_Stream,CORES,M3_IsolationForest,5,0.6987638256343527
S4_Stream,CORES,M1_LogisticRegression,6,0.7301587301587301
S4_Stream,CORES,M2_XGBoost,6,0.7377892030848329
S4_Stream,CORES,M3_IsolationForest,6,0.7301587301587301
S4_Stream,CORES,M1_LogisticRegression,7,0.7146529562982005
S4_Stream,CORES,M2_XGBoost,7,0.7272727272727273
S4_Stream,CORES,M3_IsolationForest,7,0.7146529562982005
S4_Stream,CORES,M1_LogisticRegression,8,0.7187700192184497
S4_Stream,CORES,M2_XGBoost,8,0.7333333333333333
S4_Stream,CORES,M3_IsolationForest,8,0.7187700192184497
S4_Stream,CORES,M1_LogisticRegression,9,0.7187700192184497
S4_Stream,CORES,M2_XGBoost,9,0.7262135922330097
S4_Stream,CORES,M3_IsolationForest,9,0.7187700192184497
S4_Stream,CORES,M1_LogisticRegression,10,0.71216999356085
S4_Stream,CORES,M2_XGBoost,10,0.7190569744597249
S4_Stream,CORES,M3_IsolationForest,10,0.71216999356085
S4_Stream,CORES,M1_LogisticRegression,11,0.6979166666666666
S4_Stream,CORES,M2_XGBoost,11,0.7104042412193505
S4_Stream,CORES,M3_IsolationForest,11,0.6979166666666666
S4_Stream,CORES,M1_LogisticRegression,12,0.7171263630532393
S4_Stream,CORES,M2_XGBoost,12,0.7270358306188925
S4_Stream,CORES,M3_IsolationForest,12,0.7171263630532393
S4_Stream,CORES,M1_LogisticRegression,13,0.7253027405991077
S4_Stream,CORES,M2_XGBoost,13,0.7346675274370562
S4_Stream,CORES,M3_IsolationForest,13,0.7253027405991077
S4_Stream,CORES,M1_LogisticRegression,14,0.7146529562982005
S4_Stream,CORES,M2_XGBoost,14,0.7204161248374512
S4_Stream,CORES,M3_IsolationForest,14,0.7146529562982005
S4_Stream,CORES,M1_LogisticRegression,15,0.7055016181229773
S4_Stream,CORES,M2_XGBoost,15,0.7157894736842105
S4_Stream,CORES,M3_IsolationForest,15,0.7055016181229773
S4_Stream,CORES,M1_LogisticRegression,16,0.7012987012987013
S4_Stream,CORES,M2_XGBoost,16,0.7088274044795784
S4_Stream,CORES,M3_IsolationForest,16,0.7012987012987013
S4_Stream,CORES,M1_LogisticRegression,17,0.7063389391979301
S4_Stream,CORES,M2_XGBoost,17,0.7134426229508197
S4_Stream,CORES,M3_IsolationForest,17,0.7063389391979301
S4_Stream,CORES,M1_LogisticRegression,18,0.7220447284345048
S4_Stream,CORES,M2_XGBoost,18,0.7361563517915309
S4_Stream,CORES,M3_IsolationForest,18,0.7220447284345048
S4_Stream,CORES,M1_LogisticRegression,19,0.6910994764397905
S4_Stream,CORES,M2_XGBoost,19,0.6974900924702774
S4_Stream,CORES,M3_IsolationForest,19,0.6910994764397905
S4_Stream,CORES,M1_LogisticRegression,20,0.734977862112587
S4_Stream,CORES,M2_XGBoost,20,0.7427838357921744
S4_Stream,CORES,M3_IsolationForest,20,0.734977862112587
S4_Stream,CORES,M1_LogisticRegression,21,0.711340206185567
S4_Stream,CORES,M2_XGBoost,21,0.7198952879581152
S4_Stream,CORES,M3_IsolationForest,21,0.711340206185567
S4_Stream,CORES,M1_LogisticRegression,22,0.7187700192184497
S4_Stream,CORES,M2_XGBoost,22,0.7286922576447625
S4_Stream,CORES,M3_IsolationForest,22,0.7187700192184497
S4_Stream,CORES,M1_LogisticRegression,23,0.7195902688860435
S4_Stream,CORES,M2_XGBoost,23,0.7314211212516297
S4_Stream,CORES,M3_IsolationForest,23,0.7195902688860435
S4_Stream,CORES,M1_LogisticRegression,24,0.7187700192184497
S4_Stream,CORES,M2_XGBoost,24,0.7283387622149837
S4_Stream,CORES,M3_IsolationForest,24,0.7187700192184497
S4_Stream,CORES,M1_LogisticRegression,25,0.727735368956743
S4_Stream,CORES,M2_XGBoost,25,0.7354838709677419
S4_Stream,CORES,M3_IsolationForest,25,0.727735368956743
S4_Stream,CORES,M1_LogisticRegression,26,0.7253027405991077
S4_Stream,CORES,M2_XGBoost,26,0.7351421188630491
S4_Stream,CORES,M3_IsolationForest,26,0.7253027405991077
S4_Stream,CORES,M1_LogisticRegression,27,0.727735368956743
S4_Stream,CORES,M2_XGBoost,27,0.7370466321243523
S4_Stream,CORES,M3_IsolationForest,27,0.727735368956743
S4_Stream,CORES,M1_LogisticRegression,28,0.7244897959183674
S4_Stream,CORES,M2_XGBoost,28,0.7336357744653272
S4_Stream,CORES,M3_IsolationForest,28,0.7244897959183674
S4_Stream,CORES,M1_LogisticRegression,29,0.711340206185567
S4_Stream,CORES,M2_XGBoost,29,0.7192182410423453
S4_Stream,CORES,M3_IsolationForest,29,0.711340206185567
S4_Stream,CORES,M1_LogisticRegression,30,0.7253027405991077
S4_Stream,CORES,M2_XGBoost,30,0.7319587628865979
S4_Stream,CORES,M3_IsolationForest,30,0.7253027405991077
S4_Stream,CORES,M1_LogisticRegression,31,0.6979166666666666
S4_Stream,CORES,M2_XGBoost,31,0.7068166776968895
S4_Stream,CORES,M3_IsolationForest,31,0.6979166666666666
S4_Stream,CORES,M1_LogisticRegression,32,0.7138263665594855
S4_Stream,CORES,M2_XGBoost,32,0.7254901960784313
S4_Stream,CORES,M3_IsolationForest,32,0.7138263665594855
S4_Stream,CORES,M1_LogisticRegression,33,0.7293519695044473
S4_Stream,CORES,M2_XGBoost,33,0.7380645161290322
S4_Stream,CORES,M3_IsolationForest,33,0.7293519695044473
S4_Stream,CORES,M1_LogisticRegression,34,0.7171263630532393
S4_Stream,CORES,M2_XGBoost,34,0.7283387622149837
S4_Stream,CORES,M3_IsolationForest,34,0.7171263630532393
S4_Stream,CORES,M1_LogisticRegression,35,0.7029831387808041
S4_Stream,CORES,M2_XGBoost,35,0.7118421052631579
S4_Stream,CORES,M3_IsolationForest,35,0.7029831387808041
S4_Stream,CORES,M1_LogisticRegression,36,0.6893840104849279
S4_Stream,CORES,M2_XGBoost,36,0.696524064171123
S4_Stream,CORES,M3_IsolationForest,36,0.6893840104849279
S4_Stream,CORES,M1_LogisticRegression,37,0.7244897959183674
S4_Stream,CORES,M2_XGBoost,37,0.7406923579359895
S4_Stream,CORES,M3_IsolationForest,37,0.7244897959183674
S4_Stream,CORES,M1_LogisticRegression,38,0.7285441830896376
S4_Stream,CORES,M2_XGBoost,38,0.7417475728155339
S4_Stream,CORES,M3_IsolationForest,38,0.7285441830896376
S4_Stream,CORES,M1_LogisticRegression,39,0.7220447284345048
S4_Stream,CORES,M2_XGBoost,39,0.7338972023422251
S4_Stream,CORES,M3_IsolationForest,39,0.7220447284345048
S4_Stream,CORES,M1_LogisticRegression,40,0.700454840805718
S4_Stream,CORES,M2_XGBoost,40,0.7103174603174603
S4_Stream,CORES,M3_IsolationForest,40,0.700454840805718
S4_Stream,CORES,M1_LogisticRegression,41,0.7154784842646115
S4_Stream,CORES,M2_XGBoost,41,0.7249022164276402
S4_Stream,CORES,M3_IsolationForest,41,0.7154784842646115
S4_Stream,CORES,M1_LogisticRegression,42,0.7204094689699296
S4_Stream,CORES,M2_XGBoost,42,0.7291666666666666
S4_Stream,CORES,M3_IsolationForest,42,0.7204094689699296
S4_Stream,CORES,M1_LogisticRegression,43,0.727735368956743
S4_Stream,CORES,M2_XGBoost,43,0.7344051446945338
S4_Stream,CORES,M3_IsolationForest,43,0.727735368956743
S4_Stream,CORES,M1_LogisticRegression,44,0.7293519695044473
S4_Stream,CORES,M2_XGBoost,44,0.7416020671834626
S4_Stream,CORES,M3_IsolationForest,44,0.7293519695044473
S4_Stream,CORES,M1_LogisticRegression,45,0.6936642717178315
S4_Stream,CORES,M2_XGBoost,45,0.7042440318302388
S4_Stream,CORES,M3_IsolationForest,45,0.6936642717178315
S4_Stream,CORES,M1_LogisticRegression,46,0.727735368956743
S4_Stream,CORES,M2_XGBoost,46,0.7340631036703155
S4_Stream,CORES,M3_IsolationForest,46,0.727735368956743
S4_Stream,CORES,M1_LogisticRegression,47,0.7333755541481951
S4_Stream,CORES,M2_XGBoost,47,0.7423076923076923
S4_Stream,CORES,M3_IsolationForest,47,0.7333755541481951
S4_Stream,CORES,M1_LogisticRegression,48,0.7204094689699296
S4_Stream,CORES,M2_XGBoost,48,0.7271548930654569
S4_Stream,CORES,M3_IsolationForest,48,0.7204094689699296
S4_Stream,CORES,M1_LogisticRegression,49,0.7220447284345048
S4_Stream,CORES,M2_XGBoost,49,0.727390180878553
S4_Stream,CORES,M3_IsolationForest,49,0.7220447284345048
S4_Stream,CORES,M1_LogisticRegression,50,0.7012987012987013
S4_Stream,CORES,M2_XGBoost,50,0.7092105263157895
S4_Stream,CORES,M3_IsolationForest,50,0.7012987012987013
S4_Stream,CORES,M1_LogisticRegression,51,0.739760554505356
S4_Stream,CORES,M2_XGBoost,51,0.7484035759897829
S4_Stream,CORES,M3_IsolationForest,51,0.739760554505356
S4_Stream,CORES,M1_LogisticRegression,52,0.7046632124352331
S4_Stream,CORES,M2_XGBoost,52,0.715318869165023
S4_Stream,CORES,M3_IsolationForest,52,0.7046632124352331
S4_Stream,CORES,M1_LogisticRegression,53,0.7055016181229773
S4_Stream,CORES,M2_XGBoost,53,0.7110241356816699
S4_Stream,CORES,M3_IsolationForest,53,0.7055016181229773
S4_Stream,CORES,M1_LogisticRegression,54,0.7021414665801428
S4_Stream,CORES,M2_XGBoost,54,0.7137203166226913
S4_Stream,CORES,M3_IsolationForest,54,0.7021414665801428
S4_Stream,CORES,M1_LogisticRegression,55,0.7269255251432208
S4_Stream,CORES,M2_XGBoost,55,0.7367741935483871
S4_Stream,CORES,M3_IsolationForest,55,0.7269255251432208
S4_Stream,CORES,M1_LogisticRegression,56,0.6987638256343527
S4_Stream,CORES,M2_XGBoost,56,0.708994708994709
S4_Stream,CORES,M3_IsolationForest,56,0.6987638256343527
S4_Stream,CORES,M1_LogisticRegression,57,0.7341772151898734
S4_Stream,CORES,M2_XGBoost,57,0.7413572343149808
S4_Stream,CORES,M3_IsolationForest,57,0.7341772151898734
S4_Stream,CORES,M1_LogisticRegression,58,0.6859395532194481
S4_Stream,CORES,M2_XGBoost,58,0.6955363091272485
S4_Stream,CORES,M3_IsolationForest,58,0.6859395532194481
S4_Stream,CORES,M1_LogisticRegression,59,0.7244897959183674
S4_Stream,CORES,M2_XGBoost,59,0.7344559585492227
S4_Stream,CORES,M3_IsolationForest,59,0.7244897959183674
S4_Stream,CORES,M1_LogisticRegression,60,0.6868023637557452
S4_Stream,CORES,M2_XGBoost,60,0.696
S4_Stream,CORES,M3_IsolationForest,60,0.6868023637557452
S4_Stream,CORES,M1_LogisticRegression,61,0.6885245901639344
S4_Stream,CORES,M2_XGBoost,61,0.695016611295681
S4_Stream,CORES,M3_IsolationForest,61,0.6885245901639344
S4_Stream,CORES,M1_LogisticRegression,62,0.6859395532194481
S4_Stream,CORES,M2_XGBoost,62,0.6973947895791583
S4_Stream,CORES,M3_IsolationForest,62,0.6859395532194481
S4_Stream,CORES,M1_LogisticRegression,63,0.7071751777634131
S4_Stream,CORES,M2_XGBoost,63,0.7140992167101827
S4_Stream,CORES,M3_IsolationForest,63,0.7071751777634131
S4_Stream,CORES,M1_LogisticRegression,64,0.7138263665594855
S4_Stream,CORES,M2_XGBoost,64,0.7217165149544863
S4_Stream,CORES,M3_IsolationForest,64,0.7138263665594855
S4_Stream,CORES,M1_LogisticRegression,65,0.7080103359173127
S4_Stream,CORES,M2_XGBoost,65,0.7212681638044914
S4_Stream,CORES,M3_IsolationForest,65,0.7080103359173127
S4_Stream,CORES,M1_LogisticRegression,66,0.7063389391979301
S4_Stream,CORES,M2_XGBoost,66,0.7116644823066841
S4_Stream,CORES,M3_IsolationForest,66,0.7063389391979301
S4_Stream,CORES,M1_LogisticRegression,67,0.7046632124352331
S4_Stream,CORES,M2_XGBoost,67,0.7140039447731755
S4_Stream,CORES,M3_IsolationForest,67,0.7046632124352331
S4_Stream,CORES,M1_LogisticRegression,68,0.6876640419947506
S4_Stream,CORES,M2_XGBoost,68,0.6986666666666667
S4_Stream,CORES,M3_IsolationForest,68,0.6876640419947506
S4_Stream,CORES,M1_LogisticRegression,69,0.6754966887417219
S4_Stream,CORES,M2_XGBoost,69,0.6845637583892618
S4_Stream,CORES,M3_IsolationForest,69,0.6754966887417219
S4_Stream,CORES,M1_LogisticRegression,70,0.6919555264879006
S4_Stream,CORES,M2_XGBoost,70,0.7045454545454546
S4_Stream,CORES,M3_IsolationForest,70,0.6919555264879006
S4_Stream,CORES,M1_LogisticRegression,71,0.7236758136566688
S4_Stream,CORES,M2_XGBoost,71,0.7323395981853532
S4_Stream,CORES,M3_IsolationForest,71,0.7236758136566688
S4_Stream,CORES,M1_LogisticRegression,72,0.6833443054641212
S4_Stream,CORES,M2_XGBoost,72,0.6958277254374159
S4_Stream,CORES,M3_IsolationForest,72,0.6833443054641212
S4_Stream,CORES,M1_LogisticRegression,73,0.7138263665594855
S4_Stream,CORES,M2_XGBoost,73,0.7067371202113606
S4_Stream,CORES,M3_IsolationForest,73,0.7138263665594855
S4_Stream,CORES,M1_LogisticRegression,74,0.7105093488072212
S4_Stream,CORES,M2_XGBoost,74,0.6944257891202149
S4_Stream,CORES,M3_IsolationForest,74,0.7105093488072212
S4_Stream,CORES,M1_LogisticRegression,75,0.7021414665801428
S4_Stream,CORES,M2_XGBoost,75,0.7098930481283422
S4_Stream,CORES,M3_IsolationForest,75,0.7021414665801428
S4_Stream,CORES,M1_LogisticRegression,76,0.6996098829648895
S4_Stream,CORES,M2_XGBoost,76,0.7080581241743725
S4_Stream,CORES,M3_IsolationForest,76,0.6996098829648895
S4_Stream,CORES,M1_LogisticRegression,77,0.7096774193548387
S4_Stream,CORES,M2_XGBoost,77,0.721419185282523
S4_Stream,CORES,M3_IsolationForest,77,0.7096774193548387
S4_Stream,CORES,M1_LogisticRegression,78,0.700454840805718
S4_Stream,CORES,M2_XGBoost,78,0.7098479841374752
S4_Stream,CORES,M3_IsolationForest,78,0.700454840805718
S4_Stream,CORES,M1_LogisticRegression,79,0.700454840805718
S4_Stream,CORES,M2_XGBoost,79,0.7125827814569536
S4_Stream,CORES,M3_IsolationForest,79,0.700454840805718
S4_Stream,CORES,M1_LogisticRegression,80,0.695368558382257
S4_Stream,CORES,M2_XGBoost,80,0.7023102310231023
S4_Stream,CORES,M3_IsolationForest,80,0.695368558382257
S4_Stream,CORES,M1_LogisticRegression,81,0.6996098829648895
S4_Stream,CORES,M2_XGBoost,81,0.7107875579086698
S4_Stream,CORES,M3_IsolationForest,81,0.6996098829648895
S4_Stream,CORES,M1_LogisticRegression,82,0.7146529562982005
S4_Stream,CORES,M2_XGBoost,82,0.7239583333333334
S4_Stream,CORES,M3_IsolationForest,82,0.7146529562982005
S4_Stream,CORES,M1_LogisticRegression,83,0.6876640419947506
S4_Stream,CORES,M2_XGBoost,83,0.7019423978566645
S4_Stream,CORES,M3_IsolationForest,83,0.6876640419947506
S4_Stream,CORES,M1_LogisticRegression,84,0.7253027405991077
S4_Stream,CORES,M2_XGBoost,84,0.7319587628865979
S4_Stream,CORES,M3_IsolationForest,84,0.7253027405991077
S4_Stream,CORES,M1_LogisticRegression,85,0.6893840104849279
S4_Stream,CORES,M2_XGBoost,85,0.6940942269409422
S4_Stream,CORES,M3_IsolationForest,85,0.6893840104849279
S4_Stream,CORES,M1_LogisticRegression,86,0.712998712998713
S4_Stream,CORES,M2_XGBoost,86,0.720626631853786
S4_Stream,CORES,M3_IsolationForest,86,0.712998712998713
S4_Stream,CORES,M1_LogisticRegression,87,0.7269255251432208
S4_Stream,CORES,M2_XGBoost,87,0.7380025940337225
S4_Stream,CORES,M3_IsolationForest,87,0.7269255251432208
S4_Stream,CORES,M1_LogisticRegression,88,0.7138263665594855
S4_Stream,CORES,M2_XGBoost,88,0.7196870925684485
S4_Stream,CORES,M3_IsolationForest,88,0.7138263665594855
S4_Stream,CORES,M1_LogisticRegression,89,0.7080103359173127
S4_Stream,CORES,M2_XGBoost,89,0.7210526315789474
S4_Stream,CORES,M3_IsolationForest,89,0.7080103359173127
S4_Stream,CORES,M1_LogisticRegression,90,0.695368558382257
S4_Stream,CORES,M2_XGBoost,90,0.7051792828685259
S4_Stream,CORES,M3_IsolationForest,90,0.695368558382257
S4_Stream,CORES,M1_LogisticRegression,91,0.6876640419947506
S4_Stream,CORES,M2_XGBoost,91,0.6955941255006676
S4_Stream,CORES,M3_IsolationForest,91,0.6876640419947506
S4_Stream,CORES,M1_LogisticRegression,92,0.7212276214833759
S4_Stream,CORES,M2_XGBoost,92,0.7324675324675325
S4_Stream,CORES,M3_IsolationForest,92,0.7212276214833759
S4_Stream,CORES,M1_LogisticRegression,93,0.6970684039087948
S4_Stream,CORES,M2_XGBoost,93,0.7042440318302388
S4_Stream,CORES,M3_IsolationForest,93,0.6970684039087948
S4_Stream,CORES,M1_LogisticRegression,94,0.6816084377059987
S4_Stream,CORES,M2_XGBoost,94,0.6926698049764627
S4_Stream,CORES,M3_IsolationForest,94,0.6816084377059987
S4_Stream,CORES,M1_LogisticRegression,95,0.6833443054641212
S4_Stream,CORES,M2_XGBoost,95,0.693029490616622
S4_Stream,CORES,M3_IsolationForest,95,0.6833443054641212
S4_Stream,CORES,M1_LogisticRegression,96,0.7187700192184497
S4_Stream,CORES,M2_XGBoost,96,0.733464309102816
S4_Stream,CORES,M3_IsolationForest,96,0.7187700192184497
S4_Stream,CORES,M1_LogisticRegression,97,0.7038237200259235
S4_Stream,CORES,M2_XGBoost,97,0.7136273864384464
S4_Stream,CORES,M3_IsolationForest,97,0.7038237200259235
S4_Stream,CORES,M1_LogisticRegression,98,0.7029831387808041
S4_Stream,CORES,M2_XGBoost,98,0.7113740959894806
S4_Stream,CORES,M3_IsolationForest,98,0.7029831387808041
S4_Stream,CORES,M1_LogisticRegression,99,0.6962190352020861
S4_Stream,CORES,M2_XGBoost,99,0.705026455026455
S4_Stream,CORES,M3_IsolationForest,99,0.6962190352020861
S4_Stream,CORES,M1_LogisticRegression,100,0.6996098829648895
S4_Stream,CORES,M2_XGBoost,100,0.7081403044341495
S4_Stream,CORES,M3_IsolationForest,100,0.6996098829648895
S4_Stream,CORES,M1_LogisticRegression,101,0.7055016181229773
S4_Stream,CORES,M2_XGBoost,101,0.7126890203813281
S4_Stream,CORES,M3_IsolationForest,101,0.7055016181229773
S4_Stream,CORES,M1_LogisticRegression,102,0.6970684039087948
S4_Stream,CORES,M2_XGBoost,102,0.7064280980781975
S4_Stream,CORES,M3_IsolationForest,102,0.6970684039087948
S4_Stream,CORES,M1_LogisticRegression,103,0.6945169712793734
S4_Stream,CORES,M2_XGBoost,103,0.7065073041168659
S4_Stream,CORES,M3_IsolationForest,103,0.6945169712793734
S4_Stream,CORES,M1_LogisticRegression,104,0.7021414665801428
S4_Stream,CORES,M2_XGBoost,104,0.7086614173228346
S4_Stream,CORES,M3_IsolationForest,104,0.7021414665801428
S4_Stream,CORES,M1_LogisticRegression,105,0.7012987012987013
S4_Stream,CORES,M2_XGBoost,105,0.7142857142857143
S4_Stream,CORES,M3_IsolationForest,105,0.7012987012987013
S4_Stream,CORES,M1_LogisticRegression,106,0.6842105263157895
S4_Stream,CORES,M2_XGBoost,106,0.6947791164658634
S4_Stream,CORES,M3_IsolationForest,106,0.6842105263157895
S4_Stream,CORES,M1_LogisticRegression,107,0.7195902688860435
S4_Stream,CORES,M2_XGBoost,107,0.7303443794671864
S4_Stream,CORES,M3_IsolationForest,107,0.7195902688860435
S4_Stream,CORES,M1_LogisticRegression,108,0.7301587301587301
S4_Stream,CORES,M2_XGBoost,108,0.7368421052631579
S4_Stream,CORES,M3_IsolationForest,108,0.7301587301587301
S4_Stream,CORES,M1_LogisticRegression,109,0.7293519695044473
S4_Stream,CORES,M2_XGBoost,109,0.7350096711798839
S4_Stream,CORES,M3_IsolationForest,109,0.7293519695044473
S4_Stream,CORES,M1_LogisticRegression,110,0.7029831387808041
S4_Stream,CORES,M2_XGBoost,110,0.7097625329815304
S4_Stream,CORES,M3_IsolationForest,110,0.7029831387808041
S4_Stream,CORES,M1_LogisticRegression,111,0.7105093488072212
S4_Stream,CORES,M2_XGBoost,111,0.7182175622542595
S4_Stream,CORES,M3_IsolationForest,111,0.7105093488072212
S4_Stream,CORES,M1_LogisticRegression,112,0.6962190352020861
S4_Stream,CORES,M2_XGBoost,112,0.7055702917771883
S4_Stream,CORES,M3_IsolationForest,112,0.6962190352020861
S4_Stream,CORES,M1_LogisticRegression,113,0.6772486772486772
S4_Stream,CORES,M2_XGBoost,113,0.6874576271186441
S4_Stream,CORES,M3_IsolationForest,113,0.6772486772486772
S4_Stream,CORES,M1_LogisticRegression,114,0.695368558382257
S4_Stream,CORES,M2_XGBoost,114,0.7005277044854882
S4_Stream,CORES,M3_IsolationForest,114,0.695368558382257
S4_Stream,CORES,M1_LogisticRegression,115,0.7204094689699296
S4_Stream,CORES,M2_XGBoost,115,0.7282184655396619
S4_Stream,CORES,M3_IsolationForest,115,0.7204094689699296
S4_Stream,CORES,M1_LogisticRegression,116,0.7071751777634131
S4_Stream,CORES,M2_XGBoost,116,0.7101449275362319
S4_Stream,CORES,M3_IsolationForest,116,0.7071751777634131
S4_Stream,CORES,M1_LogisticRegression,117,0.7261146496815286
S4_Stream,CORES,M2_XGBoost,117,0.7275064267352185
S4_Stream,CORES,M3_IsolationForest,117,0.7261146496815286
S4_Stream,CORES,M1_LogisticRegression,118,0.6962190352020861
S4_Stream,CORES,M2_XGBoost,118,0.700990099009901
S4_Stream,CORES,M3_IsolationForest,118,0.6962190352020861
S4_Stream,CORES,M1_LogisticRegression,119,0.6824769433465085
S4_Stream,CORES,M2_XGBoost,119,0.6916890080428955
S4_Stream,CORES,M3_IsolationForest,119,0.6824769433465085
S4_Stream,CORES,M1_LogisticRegression,120,0.7021414665801428
S4_Stream,CORES,M2_XGBoost,120,0.7144754316069057
S4_Stream,CORES,M3_IsolationForest,120,0.7021414665801428
S4_Stream,CORES,M1_LogisticRegression,121,0.6996098829648895
S4_Stream,CORES,M2_XGBoost,121,0.7072042300066094
S4_Stream,CORES,M3_IsolationForest,121,0.6996098829648895
S4_Stream,CORES,M1_LogisticRegression,122,0.7063389391979301
S4_Stream,CORES,M2_XGBoost,122,0.7128842380640942
S4_Stream,CORES,M3_IsolationForest,122,0.7063389391979301
S4_Stream,CORES,M1_LogisticRegression,123,0.6902423051735429
S4_Stream,CORES,M2_XGBoost,123,0.6991327551701134
S4_Stream,CORES,M3_IsolationForest,123,0.6902423051735429
S4_Stream,CORES,M1_LogisticRegression,124,0.7138263665594855
S4_Stream,CORES,M2_XGBoost,124,0.7225130890052356
S4_Stream,CORES,M3_IsolationForest,124,0.7138263665594855
S4_Stream,CORES,M1_LogisticRegression,125,0.6936642717178315
S4_Stream,CORES,M2_XGBoost,125,0.7019867549668874
S4_Stream,CORES,M3_IsolationForest,125,0.6936642717178315
S4_Stream,CORES,M1_LogisticRegression,126,0.7071751777634131
S4_Stream,CORES,M2_XGBoost,126,0.7155963302752294
S4_Stream,CORES,M3_IsolationForest,126,0.7071751777634131
S4_Stream,CORES,M1_LogisticRegression,127,0.7046632124352331
S4_Stream,CORES,M2_XGBoost,127,0.7155115511551156
S4_Stream,CORES,M3_IsolationForest,127,0.7046632124352331
S4_Stream,CORES,M1_LogisticRegression,128,0.6902423051735429
S4_Stream,CORES,M2_XGBoost,128,0.6970899470899471
S4_Stream,CORES,M3_IsolationForest,128,0.6902423051735429
S4_Stream,CORES,M1_LogisticRegression,129,0.6945169712793734
S4_Stream,CORES,M2_XGBoost,129,0.7042440318302388
S4_Stream,CORES,M3_IsolationForest,129,0.6945169712793734
S4_Stream,CORES,M1_LogisticRegression,130,0.6850756081525312
S4_Stream,CORES,M2_XGBoost,130,0.6957104557640751
S4_Stream,CORES,M3_IsolationForest,130,0.6850756081525312
S4_Stream,CORES,M1_LogisticRegression,131,0.6910994764397905
S4_Stream,CORES,M2_XGBoost,131,0.6980132450331126
S4_Stream,CORES,M3_IsolationForest,131,0.6910994764397905
S4_Stream,CORES,M1_LogisticRegression,132,0.71216999356085
S4_Stream,CORES,M2_XGBoost,132,0.7225130890052356
S4_Stream,CORES,M3_IsolationForest,132,0.71216999356085
S4_Stream,CORES,M1_LogisticRegression,133,0.6807387862796834
S4_Stream,CORES,M2_XGBoost,133,0.6940147948890383
S4_Stream,CORES,M3_IsolationForest,133,0.6807387862796834
S4_Stream,CORES,M1_LogisticRegression,134,0.7046632124352331
S4_Stream,CORES,M2_XGBoost,134,0.7108196721311475
S4_Stream,CORES,M3_IsolationForest,134,0.7046632124352331
S4_Stream,CORES,M1_LogisticRegression,135,0.6859395532194481
S4_Stream,CORES,M2_XGBoost,135,0.6932270916334662
S4_Stream,CORES,M3_IsolationForest,135,0.6859395532194481
S4_Stream,CORES,M1_LogisticRegression,136,0.6979166666666666
S4_Stream,CORES,M2_XGBoost,136,0.7085261070720423
S4_Stream,CORES,M3_IsolationForest,136,0.6979166666666666
S4_Stream,CORES,M1_LogisticRegression,137,0.6833443054641212
S4_Stream,CORES,M2_XGBoost,137,0.695359784801614
S4_Stream,CORES,M3_IsolationForest,137,0.6833443054641212
S4_Stream,CORES,M1_LogisticRegression,138,0.7285441830896376
S4_Stream,CORES,M2_XGBoost,138,0.7417475728155339
S4_Stream,CORES,M3_IsolationForest,138,0.7285441830896376
S4_Stream,CORES,M1_LogisticRegression,139,0.6675549633577615
S4_Stream,CORES,M2_XGBoost,139,0.6765899864682002
S4_Stream,CORES,M3_IsolationForest,139,0.6675549633577615
S4_Stream,CORES,M1_LogisticRegression,140,0.6928104575163399
S4_Stream,CORES,M2_XGBoost,140,0.7015915119363395
S4_Stream,CORES,M3_IsolationForest,140,0.6928104575163399
S4_Stream,CORES,M1_LogisticRegression,141,0.7146529562982005
S4_Stream,CORES,M2_XGBoost,141,0.7213541666666666
S4_Stream,CORES,M3_IsolationForest,141,0.7146529562982005
S4_Stream,CORES,M1_LogisticRegression,142,0.6902423051735429
S4_Stream,CORES,M2_XGBoost,142,0.6949040370615487
S4_Stream,CORES,M3_IsolationForest,142,0.6902423051735429
S4_Stream,CORES,M1_LogisticRegression,143,0.711340206185567
S4_Stream,CORES,M2_XGBoost,143,0.7192182410423453
S4_Stream,CORES,M3_IsolationForest,143,0.711340206185567
S4_Stream,CORES,M1_LogisticRegression,144,0.7105093488072212
S4_Stream,CORES,M2_XGBoost,144,0.7212041884816754
S4_Stream,CORES,M3_IsolationForest,144,0.7105093488072212
S4_Stream,CORES,M1_LogisticRegression,145,0.7138263665594855
S4_Stream,CORES,M2_XGBoost,145,0.7252459016393442
S4_Stream,CORES,M3_IsolationForest,145,0.7138263665594855
S4_Stream,CORES,M1_LogisticRegression,146,0.6710963455149501
S4_Stream,CORES,M2_XGBoost,146,0.6880108991825613
S4_Stream,CORES,M3_IsolationForest,146,0.6710963455149501
S4_Stream,CORES,M1_LogisticRegression,147,0.6833443054641212
S4_Stream,CORES,M2_XGBoost,147,0.6921529175050302
S4_Stream,CORES,M3_IsolationForest,147,0.6833443054641212
S4_Stream,CORES,M1_LogisticRegression,148,0.6987638256343527
S4_Stream,CORES,M2_XGBoost,148,0.7072847682119205
S4_Stream,CORES,M3_IsolationForest,148,0.6987638256343527
S4_Stream,CORES,M1_LogisticRegression,149,0.6962190352020861
S4_Stream,CORES,M2_XGBoost,149,0.6996699669966997
S4_Stream,CORES,M3_IsolationForest,149,0.6962190352020861
S4_Stream,CORES,M1_LogisticRegression,150,0.7088444157520981
S4_Stream,CORES,M2_XGBoost,150,0.7204724409448819
S4_Stream,CORES,M3_IsolationForest,150,0.7088444157520981
S4_Stream,CORES,M1_LogisticRegression,151,0.7154784842646115
S4_Stream,CORES,M2_XGBoost,151,0.723846653671215
S4_Stream,CORES,M3_IsolationForest,151,0.7154784842646115
S4_Stream,CORES,M1_LogisticRegression,152,0.7038237200259235
S4_Stream,CORES,M2_XGBoost,152,0.7095081967213115
S4_Stream,CORES,M3_IsolationForest,152,0.7038237200259235
S4_Stream,CORES,M1_LogisticRegression,153,0.7096774193548387
S4_Stream,CORES,M2_XGBoost,153,0.7201051248357424
S4_Stream,CORES,M3_IsolationForest,153,0.7096774193548387
S4_Stream,CORES,M1_LogisticRegression,154,0.7071751777634131
S4_Stream,CORES,M2_XGBoost,154,0.7178477690288714
S4_Stream,CORES,M3_IsolationForest,154,0.7071751777634131
S4_Stream,CORES,M1_LogisticRegression,155,0.7021414665801428
S4_Stream,CORES,M2_XGBoost,155,0.7119314436387607
S4_Stream,CORES,M3_IsolationForest,155,0.7021414665801428
S4_Stream,CORES,M1_LogisticRegression,156,0.7063389391979301
S4_Stream,CORES,M2_XGBoost,156,0.7167325428194994
S4_Stream,CORES,M3_IsolationForest,156,0.7063389391979301
S4_Stream,CORES,M1_LogisticRegression,157,0.7071751777634131
S4_Stream,CORES,M2_XGBoost,157,0.7187910643889619
S4_Stream,CORES,M3_IsolationForest,157,0.7071751777634131
S4_Stream,CORES,M1_LogisticRegression,158,0.6936642717178315
S4_Stream,CORES,M2_XGBoost,158,0.7033112582781457
S4_Stream,CORES,M3_IsolationForest,158,0.6936642717178315
S4_Stream,CORES,M1_LogisticRegression,159,0.7220447284345048
S4_Stream,CORES,M2_XGBoost,159,0.7296416938110749
S4_Stream,CORES,M3_IsolationForest,159,0.7220447284345048
S4_Stream,CORES,M1_LogisticRegression,160,0.7012987012987013
S4_Stream,CORES,M2_XGBoost,160,0.7115511551155116
S4_Stream,CORES,M3_IsolationForest,160,0.7012987012987013
S4_Stream,CORES,M1_LogisticRegression,161,0.6893840104849279
S4_Stream,CORES,M2_XGBoost,161,0.7041499330655957
S4_Stream,CORES,M3_IsolationForest,161,0.6893840104849279
S4_Stream,CORES,M1_LogisticRegression,162,0.712998712998713
S4_Stream,CORES,M2_XGBoost,162,0.7220405493786789
S4_Stream,CORES,M3_IsolationForest,162,0.712998712998713
S4_Stream,CORES,M1_LogisticRegression,163,0.6885245901639344
S4_Stream,CORES,M2_XGBoost,163,0.7014028056112225
S4_Stream,CORES,M3_IsolationForest,163,0.6885245901639344
S4_Stream,CORES,M1_LogisticRegression,164,0.7195902688860435
S4_Stream,CORES,M2_XGBoost,164,0.7265625
S4_Stream,CORES,M3_IsolationForest,164,0.7195902688860435
S4_Stream,CORES,M1_LogisticRegression,165,0.6902423051735429
S4_Stream,CORES,M2_XGBoost,165,0.7012641383898869
S4_Stream,CORES,M3_IsolationForest,165,0.6902423051735429
S4_Stream,CORES,M1_LogisticRegression,166,0.6559139784946236
S4_Stream,CORES,M2_XGBoost,166,0.6662116040955631
S4_Stream,CORES,M3_IsolationForest,166,0.6559139784946236
S4_Stream,CORES,M1_LogisticRegression,167,0.6859395532194481
S4_Stream,CORES,M2_XGBoost,167,0.6966442953020134
S4_Stream,CORES,M3_IsolationForest,167,0.6859395532194481
S4_Stream,CORES,M1_LogisticRegression,168,0.7088444157520981
S4_Stream,CORES,M2_XGBoost,168,0.7202106649111257
S4_Stream,CORES,M3_IsolationForest,168,0.7088444157520981
S4_Stream,CORES,M1_LogisticRegression,169,0.700454840805718
S4_Stream,CORES,M2_XGBoost,169,0.7110817941952506
S4_Stream,CORES,M3_IsolationForest,169,0.700454840805718
S4_Stream,CORES,M1_LogisticRegression,170,0.7187700192184497
S4_Stream,CORES,M2_XGBoost,170,0.7290448343079922
S4_Stream,CORES,M3_IsolationForest,170,0.7187700192184497
S4_Stream,CORES,M1_LogisticRegression,171,0.678996036988111
S4_Stream,CORES,M2_XGBoost,171,0.6876675603217158
S4_Stream,CORES,M3_IsolationForest,171,0.678996036988111
S4_Stream,CORES,M1_LogisticRegression,172,0.695368558382257
S4_Stream,CORES,M2_XGBoost,172,0.7001321003963011
S4_Stream,CORES,M3_IsolationForest,172,0.695368558382257
S4_Stream,CORES,M1_LogisticRegression,173,0.7146529562982005
S4_Stream,CORES,M2_XGBoost,173,0.7226229508196721
S4_Stream,CORES,M3_IsolationForest,173,0.7146529562982005
S4_Stream,CORES,M1_LogisticRegression,174,0.7071751777634131
S4_Stream,CORES,M2_XGBoost,174,0.7166337935568705
S4_Stream,CORES,M3_IsolationForest,174,0.7071751777634131
S4_Stream,CORES,M1_LogisticRegression,175,0.7105093488072212
S4_Stream,CORES,M2_XGBoost,175,0.7226229508196721
S4_Stream,CORES,M3_IsolationForest,175,0.7105093488072212
S4_Stream,CORES,M1_LogisticRegression,176,0.6979166666666666
S4_Stream,CORES,M2_XGBoost,176,0.7081403044341495
S4_Stream,CORES,M3_IsolationForest,176,0.6979166666666666
S4_Stream,CORES,M1_LogisticRegression,177,0.7071751777634131
S4_Stream,CORES,M2_XGBoost,177,0.7165354330708661
S4_Stream,CORES,M3_IsolationForest,177,0.7071751777634131
S4_Stream,CORES,M1_LogisticRegression,178,0.7105093488072212
S4_Stream,CORES,M2_XGBoost,178,0.7202614379084967
S4_Stream,CORES,M3_IsolationForest,178,0.7105093488072212
S4_Stream,CORES,M1_LogisticRegression,179,0.6970684039087948
S4_Stream,CORES,M2_XGBoost,179,0.7044854881266491
S4_Stream,CORES,M3_IsolationForest,179,0.6970684039087948
S4_Stream,CORES,M1_LogisticRegression,180,0.7080103359173127
S4_Stream,CORES,M2_XGBoost,180,0.7155963302752294
S4_Stream,CORES,M3_IsolationForest,180,0.7080103359173127
S4_Stream,CORES,M1_LogisticRegression,181,0.7096774193548387
S4_Stream,CORES,M2_XGBoost,181,0.7190569744597249
S4_Stream,CORES,M3_IsolationForest,181,0.7096774193548387
S4_Stream,CORES,M1_LogisticRegression,182,0.7012987012987013
S4_Stream,CORES,M2_XGBoost,182,0.7121111846459298
S4_Stream,CORES,M3_IsolationForest,182,0.7012987012987013
S4_Stream,CORES,M1_LogisticRegression,183,0.711340206185567
S4_Stream,CORES,M2_XGBoost,183,0.7221494102228048
S4_Stream,CORES,M3_IsolationForest,183,0.711340206185567
S4_Stream,CORES,M1_LogisticRegression,184,0.6919555264879006
S4_Stream,CORES,M2_XGBoost,184,0.7058823529411765
S4_Stream,CORES,M3_IsolationForest,184,0.6919555264879006
S4_Stream,CORES,M1_LogisticRegression,185,0.6928104575163399
S4_Stream,CORES,M2_XGBoost,185,0.7021985343104596
S4_Stream,CORES,M3_IsolationForest,185,0.6928104575163399
S4_Stream,CORES,M1_LogisticRegression,186,0.6910994764397905
S4_Stream,CORES,M2_XGBoost,186,0.7016611295681063
S4_Stream,CORES,M3_IsolationForest,186,0.6910994764397905
S4_Stream,CORES,M1_LogisticRegression,187,0.7063389391979301
S4_Stream,CORES,M2_XGBoost,187,0.7188940092165899
S4_Stream,CORES,M3_IsolationForest,187,0.7063389391979301
S4_Stream,CORES,M1_LogisticRegression,188,0.669328010645376
S4_Stream,CORES,M2_XGBoost,188,0.6752368064952639
S4_Stream,CORES,M3_IsolationForest,188,0.669328010645376
S4_Stream,CORES,M1_LogisticRegression,189,0.7088444157520981
S4_Stream,CORES,M2_XGBoost,189,0.718688524590164
S4_Stream,CORES,M3_IsolationForest,189,0.7088444157520981
S4_Stream,CORES,M1_LogisticRegression,190,0.7080103359173127
S4_Stream,CORES,M2_XGBoost,190,0.7253474520185308
S4_Stream,CORES,M3_IsolationForest,190,0.7080103359173127
S4_Stream,CORES,M1_LogisticRegression,191,0.6970684039087948
S4_Stream,CORES,M2_XGBoost,191,0.7081403044341495
S4_Stream,CORES,M3_IsolationForest,191,0.6970684039087948
S4_Stream,CORES,M1_LogisticRegression,192,0.6979166666666666
S4_Stream,CORES,M2_XGBoost,192,0.7099337748344371
S4_Stream,CORES,M3_IsolationForest,192,0.6979166666666666
S4_Stream,CORES,M1_LogisticRegression,193,0.6936642717178315
S4_Stream,CORES,M2_XGBoost,193,0.7056478405315615
S4_Stream,CORES,M3_IsolationForest,193,0.6936642717178315
S4_Stream,CORES,M1_LogisticRegression,194,0.6876640419947506
S4_Stream,CORES,M2_XGBoost,194,0.6986666666666667
S4_Stream,CORES,M3_IsolationForest,194,0.6876640419947506
S4_Stream,CORES,M1_LogisticRegression,195,0.7012987012987013
S4_Stream,CORES,M2_XGBoost,195,0.7142857142857143
S4_Stream,CORES,M3_IsolationForest,195,0.7012987012987013
S4_Stream,CORES,M1_LogisticRegression,196,0.6850756081525312
S4_Stream,CORES,M2_XGBoost,196,0.6897009966777409
S4_Stream,CORES,M3_IsolationForest,196,0.6850756081525312
S4_Stream,CORES,M1_LogisticRegression,197,0.6979166666666666
S4_Stream,CORES,M2_XGBoost,197,0.7000659195781147
S4_Stream,CORES,M3_IsolationForest,197,0.6979166666666666
S4_Stream,CORES,M1_LogisticRegression,198,0.700454840805718
S4_Stream,CORES,M2_XGBoost,198,0.7084432717678101
S4_Stream,CORES,M3_IsolationForest,198,0.700454840805718
S4_Stream,CORES,M1_LogisticRegression,199,0.717948717948718
S4_Stream,CORES,M2_XGBoost,199,0.727509778357236
S4_Stream,CORES,M3_IsolationForest,199,0.717948717948718
S4_Stream,CORES,M1_LogisticRegression,200,0.6885245901639344
S4_Stream,CORES,M2_XGBoost,200,0.6969292389853138
S4_Stream,CORES,M3_IsolationForest,200,0.6885245901639344
S4_Stream,CORES,M1_LogisticRegression,201,0.7029831387808041
S4_Stream,CORES,M2_XGBoost,201,0.7092105263157895
S4_Stream,CORES,M3_IsolationForest,201,0.7029831387808041
S4_Stream,CORES,M1_LogisticRegression,202,0.6816084377059987
S4_Stream,CORES,M2_XGBoost,202,0.6885465505693235
S4_Stream,CORES,M3_IsolationForest,202,0.6816084377059987
S4_Stream,CORES,M1_LogisticRegression,203,0.7038237200259235
S4_Stream,CORES,M2_XGBoost,203,0.7089601046435579
S4_Stream,CORES,M3_IsolationForest,203,0.7038237200259235
S4_Stream,CORES,M1_LogisticRegression,204,0.7021414665801428
S4_Stream,CORES,M2_XGBoost,204,0.7119314436387607
S4_Stream,CORES,M3_IsolationForest,204,0.7021414665801428
S4_Stream,CORES,M1_LogisticRegression,205,0.71216999356085
S4_Stream,CORES,M2_XGBoost,205,0.720626631853786
S4_Stream,CORES,M3_IsolationForest,205,0.71216999356085
S4_Stream,CORES,M1_LogisticRegression,206,0.7096774193548387
S4_Stream,CORES,M2_XGBoost,206,0.7182175622542595
S4_Stream,CORES,M3_IsolationForest,206,0.7096774193548387
S4_Stream,CORES,M1_LogisticRegression,207,0.7421383647798742
S4_Stream,CORES,M2_XGBoost,207,0.7460216422660726
S4_Stream,CORES,M3_IsolationForest,207,0.7421383647798742
S4_Stream,CORES,M1_LogisticRegression,208,0.6962190352020861
S4_Stream,CORES,M2_XGBoost,208,0.7025948103792415
S4_Stream,CORES,M3_IsolationForest,208,0.6962190352020861
S4_Stream,CORES,M1_LogisticRegression,209,0.6885245901639344
S4_Stream,CORES,M2_XGBoost,209,0.69826435246996
S4_Stream,CORES,M3_IsolationForest,209,0.6885245901639344
S4_Stream,CORES,M1_LogisticRegression,210,0.7029831387808041
S4_Stream,CORES,M2_XGBoost,210,0.71343481138319
S4_Stream,CORES,M3_IsolationForest,210,0.7029831387808041
S4_Stream,CORES,M1_LogisticRegression,211,0.7096774193548387
S4_Stream,CORES,M2_XGBoost,211,0.7157757496740548
S4_Stream,CORES,M3_IsolationForest,211,0.7096774193548387
S4_Stream,CORES,M1_LogisticRegression,212,0.7204094689699296
S4_Stream,CORES,M2_XGBoost,212,0.73046875
S4_Stream,CORES,M3_IsolationForest,212,0.7204094689699296
S4_Stream,CORES,M1_LogisticRegression,213,0.7046632124352331
S4_Stream,CORES,M2_XGBoost,213,0.7135348226018396
S4_Stream,CORES,M3_IsolationForest,213,0.7046632124352331
S4_Stream,CORES,M1_LogisticRegression,214,0.7236758136566688
S4_Stream,CORES,M2_XGBoost,214,0.7282117495158167
S4_Stream,CORES,M3_IsolationForest,214,0.7236758136566688
S4_Stream,CORES,M1_LogisticRegression,215,0.711340206185567
S4_Stream,CORES,M2_XGBoost,215,0.720626631853786
S4_Stream,CORES,M3_IsolationForest,215,0.711340206185567
S4_Stream,CORES,M1_LogisticRegression,216,0.7096774193548387
S4_Stream,CORES,M2_XGBoost,216,0.7168083714846305
S4_Stream,CORES,M3_IsolationForest,216,0.7096774193548387
S4_Stream,CORES,M1_LogisticRegression,217,0.7204094689699296
S4_Stream,CORES,M2_XGBoost,217,0.7284595300261096
S4_Stream,CORES,M3_IsolationForest,217,0.7204094689699296
S4_Stream,CORES,M1_LogisticRegression,218,0.7154784842646115
S4_Stream,CORES,M2_XGBoost,218,0.7239583333333334
S4_Stream,CORES,M3_IsolationForest,218,0.7154784842646115
S4_Stream,CORES,M1_LogisticRegression,219,0.7046632124352331
S4_Stream,CORES,M2_XGBoost,219,0.7179827471798275
S4_Stream,CORES,M3_IsolationForest,219,0.7046632124352331
S4_Stream,CORES,M1_LogisticRegression,220,0.6902423051735429
S4_Stream,CORES,M2_XGBoost,220,0.7008660892738174
S4_Stream,CORES,M3_IsolationForest,220,0.6902423051735429
S4_Stream,CORES,M1_LogisticRegression,221,0.7038237200259235
S4_Stream,CORES,M2_XGBoost,221,0.716931216931217
S4_Stream,CORES,M3_IsolationForest,221,0.7038237200259235
S4_Stream,CORES,M1_LogisticRegression,222,0.6868023637557452
S4_Stream,CORES,M2_XGBoost,222,0.6919494344644045
S4_Stream,CORES,M3_IsolationForest,222,0.6868023637557452
S4_Stream,CORES,M1_LogisticRegression,223,0.7071751777634131
S4_Stream,CORES,M2_XGBoost,223,0.7188940092165899
S4_Stream,CORES,M3_IsolationForest,223,0.7071751777634131
S4_Stream,CORES,M1_LogisticRegression,224,0.7138263665594855
S4_Stream,CORES,M2_XGBoost,224,0.7260812581913499
S4_Stream,CORES,M3_IsolationForest,224,0.7138263665594855
S4_Stream,CORES,M1_LogisticRegression,225,0.7071751777634131
S4_Stream,CORES,M2_XGBoost,225,0.7155963302752294
S4_Stream,CORES,M3_IsolationForest,225,0.7071751777634131
S4_Stream,CORES,M1_LogisticRegression,226,0.6816084377059987
S4_Stream,CORES,M2_XGBoost,226,0.6958277254374159
S4_Stream,CORES,M3_IsolationForest,226,0.6816084377059987
S4_Stream,CORES,M1_LogisticRegression,227,0.7055016181229773
S4_Stream,CORES,M2_XGBoost,227,0.7172050098879367
S4_Stream,CORES,M3_IsolationForest,227,0.7055016181229773
S4_Stream,CORES,M1_LogisticRegression,228,0.7212276214833759
S4_Stream,CORES,M2_XGBoost,228,0.7335504885993486
S4_Stream,CORES,M3_IsolationForest,228,0.7212276214833759
S4_Stream,CORES,M1_LogisticRegression,229,0.71216999356085
S4_Stream,CORES,M2_XGBoost,229,0.721097322011757
S4_Stream,CORES,M3_IsolationForest,229,0.71216999356085
S4_Stream,CORES,M1_LogisticRegression,230,0.6763732627399074
S4_Stream,CORES,M2_XGBoost,230,0.6896551724137931
S4_Stream,CORES,M3_IsolationForest,230,0.6763732627399074
S4_Stream,CORES,M1_LogisticRegression,231,0.6970684039087948
S4_Stream,CORES,M2_XGBoost,231,0.7073656270736562
S4_Stream,CORES,M3_IsolationForest,231,0.6970684039087948
S4_Stream,CORES,M1_LogisticRegression,232,0.7046632124352331
S4_Stream,CORES,M2_XGBoost,232,0.7115761935905821
S4_Stream,CORES,M3_IsolationForest,232,0.7046632124352331
S4_Stream,CORES,M1_LogisticRegression,233,0.700454840805718
S4_Stream,CORES,M2_XGBoost,233,0.7093791281373845
S4_Stream,CORES,M3_IsolationForest,233,0.700454840805718
S4_Stream,CORES,M1_LogisticRegression,234,0.6996098829648895
S4_Stream,CORES,M2_XGBoost,234,0.7144754316069057
S4_Stream,CORES,M3_IsolationForest,234,0.6996098829648895
S4_Stream,CORES,M1_LogisticRegression,235,0.6987638256343527
S4_Stream,CORES,M2_XGBoost,235,0.7056504599211564
S4_Stream,CORES,M3_IsolationForest,235,0.6987638256343527
S4_Stream,CORES,M1_LogisticRegression,236,0.6945169712793734
S4_Stream,CORES,M2_XGBoost,236,0.7037773359840954
S4_Stream,CORES,M3_IsolationForest,236,0.6945169712793734
S4_Stream,CORES,M1_LogisticRegression,237,0.71216999356085
S4_Stream,CORES,M2_XGBoost,237,0.721097322011757
S4_Stream,CORES,M3_IsolationForest,237,0.71216999356085
S4_Stream,CORES,M1_LogisticRegression,238,0.6728599867285998
S4_Stream,CORES,M2_XGBoost,238,0.6875
S4_Stream,CORES,M3_IsolationForest,238,0.6728599867285998
S4_Stream,CORES,M1_LogisticRegression,239,0.6842105263157895
S4_Stream,CORES,M2_XGBoost,239,0.6985195154777928
S4_Stream,CORES,M3_IsolationForest,239,0.6842105263157895
S4_Stream,CORES,M1_LogisticRegression,240,0.6893840104849279
S4_Stream,CORES,M2_XGBoost,240,0.7
S4_Stream,CORES,M3_IsolationForest,240,0.6893840104849279
S4_Stream,CORES,M1_LogisticRegression,241,0.6945169712793734
S4_Stream,CORES,M2_XGBoost,241,0.7089452603471295
S4_Stream,CORES,M3_IsolationForest,241,0.6945169712793734
S4_Stream,CORES,M1_LogisticRegression,242,0.7046632124352331
S4_Stream,CORES,M2_XGBoost,242,0.7205298013245033
S4_Stream,CORES,M3_IsolationForest,242,0.7046632124352331
S4_Stream,CORES,M1_LogisticRegression,243,0.722860791826309
S4_Stream,CORES,M2_XGBoost,243,0.735812133072407
S4_Stream,CORES,M3_IsolationForest,243,0.722860791826309
S4_Stream,CORES,M1_LogisticRegression,244,0.6936642717178315
S4_Stream,CORES,M2_XGBoost,244,0.7002652519893899
S4_Stream,CORES,M3_IsolationForest,244,0.6936642717178315
S4_Stream,CORES,M1_LogisticRegression,245,0.7138263665594855
S4_Stream,CORES,M2_XGBoost,245,0.7232375979112271
S4_Stream,CORES,M3_IsolationForest,245,0.7138263665594855
S4_Stream,CORES,M1_LogisticRegression,246,0.712998712998713
S4_Stream,CORES,M2_XGBoost,246,0.7207325049051668
S4_Stream,CORES,M3_IsolationForest,246,0.712998712998713
S4_Stream,CORES,M1_LogisticRegression,247,0.6876640419947506
S4_Stream,CORES,M2_XGBoost,247,0.6947791164658634
S4_Stream,CORES,M3_IsolationForest,247,0.6876640419947506
S4_Stream,CORES,M1_LogisticRegression,248,0.6936642717178315
S4_Stream,CORES,M2_XGBoost,248,0.7042440318302388
S4_Stream,CORES,M3_IsolationForest,248,0.6936642717178315
S4_Stream,CORES,M1_LogisticRegression,249,0.695368558382257
S4_Stream,CORES,M2_XGBoost,249,0.7083056478405315
S4_Stream,CORES,M3_IsolationForest,249,0.695368558382257
S4_Stream,CORES,M1_LogisticRegression,250,0.6666666666666666
S4_Stream,CORES,M2_XGBoost,250,0.6702702702702703
S4_Stream,CORES,M3_IsolationForest,250,0.6666666666666666
S4_Stream,CORES,M1_LogisticRegression,251,0.7096774193548387
S4_Stream,CORES,M2_XGBoost,251,0.7159685863874345
S4_Stream,CORES,M3_IsolationForest,251,0.7096774193548387
S4_Stream,CORES,M1_LogisticRegression,252,0.7138263665594855
S4_Stream,CORES,M2_XGBoost,252,0.7256057629338573
S4_Stream,CORES,M3_IsolationForest,252,0.7138263665594855
S4_Stream,CORES,M1_LogisticRegression,253,0.6902423051735429
S4_Stream,CORES,M2_XGBoost,253,0.7040748162992652
S4_Stream,CORES,M3_IsolationForest,253,0.6902423051735429
S4_Stream,CORES,M1_LogisticRegression,254,0.7285441830896376
S4_Stream,CORES,M2_XGBoost,254,0.7359586830213041
S4_Stream,CORES,M3_IsolationForest,254,0.7285441830896376
S4_Stream,CORES,M1_LogisticRegression,255,0.6763732627399074
S4_Stream,CORES,M2_XGBoost,255,0.6872898453261601
S4_Stream,CORES,M3_IsolationForest,255,0.6763732627399074
S4_Stream,CORES,M1_LogisticRegression,256,0.6962190352020861
S4_Stream,CORES,M2_XGBoost,256,0.7041694242223693
S4_Stream,CORES,M3_IsolationForest,256,0.6962190352020861
S4_Stream,CORES,M1_LogisticRegression,257,0.7146529562982005
S4_Stream,CORES,M2_XGBoost,257,0.7220405493786789
S4_Stream,CORES,M3_IsolationForest,257,0.7146529562982005
S4_Stream,CORES,M1_LogisticRegression,258,0.7105093488072212
S4_Stream,CORES,M2_XGBoost,258,0.7189542483660131
S4_Stream,CORES,M3_IsolationForest,258,0.7105093488072212
S4_Stream,CORES,M1_LogisticRegression,259,0.7029831387808041
S4_Stream,CORES,M2_XGBoost,259,0.7078947368421052
S4_Stream,CORES,M3_IsolationForest,259,0.7029831387808041
S4_Stream,CORES,M1_LogisticRegression,260,0.678996036988111
S4_Stream,CORES,M2_XGBoost,260,0.6876675603217158
S4_Stream,CORES,M3_IsolationForest,260,0.678996036988111
S4_Stream,CORES,M1_LogisticRegression,261,0.717948717948718
S4_Stream,CORES,M2_XGBoost,261,0.7273910214703969
S4_Stream,CORES,M3_IsolationForest,261,0.717948717948718
S4_Stream,CORES,M1_LogisticRegression,262,0.7080103359173127
S4_Stream,CORES,M2_XGBoost,262,0.7178477690288714
S4_Stream,CORES,M3_IsolationForest,262,0.7080103359173127
S4_Stream,CORES,M1_LogisticRegression,263,0.7055016181229773
S4_Stream,CORES,M2_XGBoost,263,0.7157894736842105
S4_Stream,CORES,M3_IsolationForest,263,0.7055016181229773
S4_Stream,CORES,M1_LogisticRegression,264,0.6842105263157895
S4_Stream,CORES,M2_XGBoost,264,0.6943699731903485
S4_Stream,CORES,M3_IsolationForest,264,0.6842105263157895
S4_Stream,CORES,M1_LogisticRegression,265,0.7071751777634131
S4_Stream,CORES,M2_XGBoost,265,0.7170059093893631
S4_Stream,CORES,M3_IsolationForest,265,0.7071751777634131
S4_Stream,CORES,M1_LogisticRegression,266,0.7021414665801428
S4_Stream,CORES,M2_XGBoost,266,0.713813615333774
S4_Stream,CORES,M3_IsolationForest,266,0.7021414665801428
S4_Stream,CORES,M1_LogisticRegression,267,0.7029831387808041
S4_Stream,CORES,M2_XGBoost,267,0.71475843812045
S4_Stream,CORES,M3_IsolationForest,267,0.7029831387808041
S4_Stream,CORES,M1_LogisticRegression,268,0.7029831387808041
S4_Stream,CORES,M2_XGBoost,268,0.7109067017082786
S4_Stream,CORES,M3_IsolationForest,268,0.7029831387808041
S4_Stream,CORES,M1_LogisticRegression,269,0.7080103359173127
S4_Stream,CORES,M2_XGBoost,269,0.7211601845748187
S4_Stream,CORES,M3_IsolationForest,269,0.7080103359173127
S4_Stream,CORES,M1_LogisticRegression,270,0.6928104575163399
S4_Stream,CORES,M2_XGBoost,270,0.703851261620186
S4_Stream,CORES,M3_IsolationForest,270,0.6928104575163399
S4_Stream,CORES,M1_LogisticRegression,271,0.7012987012987013
S4_Stream,CORES,M2_XGBoost,271,0.709592641261498
S4_Stream,CORES,M3_IsolationForest,271,0.7012987012987013
S4_Stream,CORES,M1_LogisticRegression,272,0.71216999356085
S4_Stream,CORES,M2_XGBoost,272,0.7144719687092569
S4_Stream,CORES,M3_IsolationForest,272,0.71216999356085
S4_Stream,CORES,M1_LogisticRegression,273,0.7187700192184497
S4_Stream,CORES,M2_XGBoost,273,0.7271548930654569
S4_Stream,CORES,M3_IsolationForest,273,0.7187700192184497
S4_Stream,CORES,M1_LogisticRegression,274,0.6876640419947506
S4_Stream,CORES,M2_XGBoost,274,0.7014725568942436
S4_Stream,CORES,M3_IsolationForest,274,0.6876640419947506
S4_Stream,CORES,M1_LogisticRegression,275,0.6979166666666666
S4_Stream,CORES,M2_XGBoost,275,0.7084723148765844
S4_Stream,CORES,M3_IsolationForest,275,0.6979166666666666
S4_Stream,CORES,M1_LogisticRegression,276,0.6987638256343527
S4_Stream,CORES,M2_XGBoost,276,0.7054161162483488
S4_Stream,CORES,M3_IsolationForest,276,0.6987638256343527
S4_Stream,CORES,M1_LogisticRegression,277,0.717948717948718
S4_Stream,CORES,M2_XGBoost,277,0.7208848405985686
S4_Stream,CORES,M3_IsolationForest,277,0.717948717948718
S4_Stream,CORES,M1_LogisticRegression,278,0.6979166666666666
S4_Stream,CORES,M2_XGBoost,278,0.7087765957446809
S4_Stream,CORES,M3_IsolationForest,278,0.6979166666666666
S4_Stream,CORES,M1_LogisticRegression,279,0.711340206185567
S4_Stream,CORES,M2_XGBoost,279,0.7147498375568551
S4_Stream,CORES,M3_IsolationForest,279,0.711340206185567
S4_Stream,CORES,M1_LogisticRegression,280,0.678996036988111
S4_Stream,CORES,M2_XGBoost,280,0.6894701542588867
S4_Stream,CORES,M3_IsolationForest,280,0.678996036988111
S4_Stream,CORES,M1_LogisticRegression,281,0.7484355444305382
S4_Stream,CORES,M2_XGBoost,281,0.7547408343868521
S4_Stream,CORES,M3_IsolationForest,281,0.7484355444305382
S4_Stream,CORES,M1_LogisticRegression,282,0.6962190352020861
S4_Stream,CORES,M2_XGBoost,282,0.7065073041168659
S4_Stream,CORES,M3_IsolationForest,282,0.6962190352020861
S4_Stream,CORES,M1_LogisticRegression,283,0.6970684039087948
S4_Stream,CORES,M2_XGBoost,283,0.7054161162483488
S4_Stream,CORES,M3_IsolationForest,283,0.6970684039087948
S4_Stream,CORES,M1_LogisticRegression,284,0.712998712998713
S4_Stream,CORES,M2_XGBoost,284,0.7247706422018348
S4_Stream,CORES,M3_IsolationForest,284,0.712998712998713
S4_Stream,CORES,M1_LogisticRegression,285,0.711340206185567
S4_Stream,CORES,M2_XGBoost,285,0.7198952879581152
S4_Stream,CORES,M3_IsolationForest,285,0.711340206185567
S4_Stream,CORES,M1_LogisticRegression,286,0.7046632124352331
S4_Stream,CORES,M2_XGBoost,286,0.7168316831683168
S4_Stream,CORES,M3_IsolationForest,286,0.7046632124352331
S4_Stream,CORES,M1_LogisticRegression,287,0.712998712998713
S4_Stream,CORES,M2_XGBoost,287,0.7242960052390308
S4_Stream,CORES,M3_IsolationForest,287,0.712998712998713
S4_Stream,CORES,M1_LogisticRegression,288,0.7204094689699296
S4_Stream,CORES,M2_XGBoost,288,0.7306943543153797
S4_Stream,CORES,M3_IsolationForest,288,0.7204094689699296
S4_Stream,CORES,M1_LogisticRegression,289,0.7244897959183674
S4_Stream,CORES,M2_XGBoost,289,0.7311411992263056
S4_Stream,CORES,M3_IsolationForest,289,0.7244897959183674
S4_Stream,CORES,M1_LogisticRegression,290,0.7080103359173127
S4_Stream,CORES,M2_XGBoost,290,0.7173770491803279
S4_Stream,CORES,M3_IsolationForest,290,0.7080103359173127
S4_Stream,CORES,M1_LogisticRegression,291,0.7021414665801428
S4_Stream,CORES,M2_XGBoost,291,0.7078135259356533
S4_Stream,CORES,M3_IsolationForest,291,0.7021414665801428
S4_Stream,CORES,M1_LogisticRegression,292,0.717948717948718
S4_Stream,CORES,M2_XGBoost,292,0.7296416938110749
S4_Stream,CORES,M3_IsolationForest,292,0.717948717948718
S4_Stream,CORES,M1_LogisticRegression,293,0.7055016181229773
S4_Stream,CORES,M2_XGBoost,293,0.7099737532808399
S4_Stream,CORES,M3_IsolationForest,293,0.7055016181229773
S4_Stream,CORES,M1_LogisticRegression,294,0.6842105263157895
S4_Stream,CORES,M2_XGBoost,294,0.6925133689839572
S4_Stream,CORES,M3_IsolationForest,294,0.6842105263157895
S4_Stream,CORES,M1_LogisticRegression,295,0.6885245901639344
S4_Stream,CORES,M2_XGBoost,295,0.6977985323549033
S4_Stream,CORES,M3_IsolationForest,295,0.6885245901639344
S4_Stream,CORES,M1_LogisticRegression,296,0.7171263630532393
S4_Stream,CORES,M2_XGBoost,296,0.7246753246753247
S4_Stream,CORES,M3_IsolationForest,296,0.7171263630532393
S4_Stream,CORES,M1_LogisticRegression,297,0.6996098829648895
S4_Stream,CORES,M2_XGBoost,297,0.7075098814229249
S4_Stream,CORES,M3_IsolationForest,297,0.6996098829648895
S4_Stream,CORES,M1_LogisticRegression,298,0.6842105263157895
S4_Stream,CORES,M2_XGBoost,298,0.6957104557640751
S4_Stream,CORES,M3_IsolationForest,298,0.6842105263157895
S4_Stream,CORES,M1_LogisticRegression,299,0.6902423051735429
S4_Stream,CORES,M2_XGBoost,299,0.704225352112676
S4_Stream,CORES,M3_IsolationForest,299,0.6902423051735429
S4_Stream,CORES,M1_LogisticRegression,300,0.6919555264879006
S4_Stream,CORES,M2_XGBoost,300,0.6984126984126984
S4_Stream,CORES,M3_IsolationForest,300,0.6919555264879006
S4_Stream,CORES,M1_LogisticRegression,301,0.7236758136566688
S4_Stream,CORES,M2_XGBoost,301,0.7312661498708011
S4_Stream,CORES,M3_IsolationForest,301,0.7236758136566688
S4_Stream,CORES,M1_LogisticRegression,302,0.7046632124352331
S4_Stream,CORES,M2_XGBoost,302,0.7167325428194994
S4_Stream,CORES,M3_IsolationForest,302,0.7046632124352331
S4_Stream,CORES,M1_LogisticRegression,303,0.7021414665801428
S4_Stream,CORES,M2_XGBoost,303,0.7152317880794702
S4_Stream,CORES,M3_IsolationForest,303,0.7021414665801428
S4_Stream,CORES,M1_LogisticRegression,304,0.695368558382257
S4_Stream,CORES,M2_XGBoost,304,0.7027027027027027
S4_Stream,CORES,M3_IsolationForest,304,0.695368558382257
S4_Stream,CORES,M1_LogisticRegression,305,0.712998712998713
S4_Stream,CORES,M2_XGBoost,305,0.7238219895287958
S4_Stream,CORES,M3_IsolationForest,305,0.712998712998713
S4_Stream,CORES,M1_LogisticRegression,306,0.71216999356085
S4_Stream,CORES,M2_XGBoost,306,0.720626631853786
S4_Stream,CORES,M3_IsolationForest,306,0.71216999356085
S4_Stream,CORES,M1_LogisticRegression,307,0.6979166666666666
S4_Stream,CORES,M2_XGBoost,307,0.7053394858272907
S4_Stream,CORES,M3_IsolationForest,307,0.6979166666666666
S4_Stream,CORES,M1_LogisticRegression,308,0.7038237200259235
S4_Stream,CORES,M2_XGBoost,308,0.7145682267633487
S4_Stream,CORES,M3_IsolationForest,308,0.7038237200259235
S4_Stream,CORES,M1_LogisticRegression,309,0.7080103359173127
S4_Stream,CORES,M2_XGBoost,309,0.7145656433703462
S4_Stream,CORES,M3_IsolationForest,309,0.7080103359173127
S4_Stream,CORES,M1_LogisticRegression,310,0.7293519695044473
S4_Stream,CORES,M2_XGBoost,310,0.7407886231415644
S4_Stream,CORES,M3_IsolationForest,310,0.7293519695044473
S4_Stream,CORES,M1_LogisticRegression,311,0.6850756081525312
S4_Stream,CORES,M2_XGBoost,311,0.6911764705882353
S4_Stream,CORES,M3_IsolationForest,311,0.6850756081525312
S4_Stream,CORES,M1_LogisticRegression,312,0.7138263665594855
S4_Stream,CORES,M2_XGBoost,312,0.720626631853786
S4_Stream,CORES,M3_IsolationForest,312,0.7138263665594855
S4_Stream,CORES,M1_LogisticRegression,313,0.7080103359173127
S4_Stream,CORES,M2_XGBoost,313,0.7140065146579805
S4_Stream,CORES,M3_IsolationForest,313,0.7080103359173127
S4_Stream,CORES,M1_LogisticRegression,314,0.7080103359173127
S4_Stream,CORES,M2_XGBoost,314,0.7159685863874345
S4_Stream,CORES,M3_IsolationForest,314,0.7080103359173127
S4_Stream,CORES,M1_LogisticRegression,315,0.6763732627399074
S4_Stream,CORES,M2_XGBoost,315,0.6887238352464551
S4_Stream,CORES,M3_IsolationForest,315,0.6763732627399074
S4_Stream,CORES,M1_LogisticRegression,316,0.7055016181229773
S4_Stream,CORES,M2_XGBoost,316,0.7181518151815182
S4_Stream,CORES,M3_IsolationForest,316,0.7055016181229773
S4_Stream,CORES,M1_LogisticRegression,317,0.7088444157520981
S4_Stream,CORES,M2_XGBoost,317,0.7149380300065231
S4_Stream,CORES,M3_IsolationForest,317,0.7088444157520981
S4_Stream,CORES,M1_LogisticRegression,318,0.7154784842646115
S4_Stream,CORES,M2_XGBoost,318,0.7212475633528265
S4_Stream,CORES,M3_IsolationForest,318,0.7154784842646115
S4_Stream,CORES,M1_LogisticRegression,319,0.700454840805718
S4_Stream,CORES,M2_XGBoost,319,0.707044107965767
S4_Stream,CORES,M3_IsolationForest,319,0.700454840805718
S4_Stream,CORES,M1_LogisticRegression,320,0.6996098829648895
S4_Stream,CORES,M2_XGBoost,320,0.7078947368421052
S4_Stream,CORES,M3_IsolationForest,320,0.6996098829648895
S4_Stream,CORES,M1_LogisticRegression,321,0.6996098829648895
S4_Stream,CORES,M2_XGBoost,321,0.7088274044795784
S4_Stream,CORES,M3_IsolationForest,321,0.6996098829648895
S4_Stream,CORES,M1_LogisticRegression,322,0.6996098829648895
S4_Stream,CORES,M2_XGBoost,322,0.7093791281373845
S4_Stream,CORES,M3_IsolationForest,322,0.6996098829648895
S4_Stream,CORES,M1_LogisticRegression,323,0.7038237200259235
S4_Stream,CORES,M2_XGBoost,323,0.7123107307439105
S4_Stream,CORES,M3_IsolationForest,323,0.7038237200259235
S4_Stream,CORES,M1_LogisticRegression,324,0.7138263665594855
S4_Stream,CORES,M2_XGBoost,324,0.7235984354628422
S4_Stream,CORES,M3_IsolationForest,324,0.7138263665594855
S4_Stream,CORES,M1_LogisticRegression,325,0.7220447284345048
S4_Stream,CORES,M2_XGBoost,325,0.7300970873786408
S4_Stream,CORES,M3_IsolationForest,325,0.7220447284345048
S4_Stream,CORES,M1_LogisticRegression,326,0.7029831387808041
S4_Stream,CORES,M2_XGBoost,326,0.7098886705959397
S4_Stream,CORES,M3_IsolationForest,326,0.7029831387808041
S4_Stream,CORES,M1_LogisticRegression,327,0.6945169712793734
S4_Stream,CORES,M2_XGBoost,327,0.708
S4_Stream,CORES,M3_IsolationForest,327,0.6945169712793734
S4_Stream,CORES,M1_LogisticRegression,328,0.6833443054641212
S4_Stream,CORES,M2_XGBoost,328,0.6989898989898989
S4_Stream,CORES,M3_IsolationForest,328,0.6833443054641212
S4_Stream,CORES,M1_LogisticRegression,329,0.6910994764397905
S4_Stream,CORES,M2_XGBoost,329,0.7054108216432866
S4_Stream,CORES,M3_IsolationForest,329,0.6910994764397905
S4_Stream,CORES,M1_LogisticRegression,330,0.6893840104849279
S4_Stream,CORES,M2_XGBoost,330,0.7065144392209537
S4_Stream,CORES,M3_IsolationForest,330,0.6893840104849279
S4_Stream,CORES,M1_LogisticRegression,331,0.6962190352020861
S4_Stream,CORES,M2_XGBoost,331,0.7023102310231023
S4_Stream,CORES,M3_IsolationForest,331,0.6962190352020861
S4_Stream,CORES,M1_LogisticRegression,332,0.7055016181229773
S4_Stream,CORES,M2_XGBoost,332,0.7131578947368421
S4_Stream,CORES,M3_IsolationForest,332,0.7055016181229773
S4_Stream,CORES,M1_LogisticRegression,333,0.7038237200259235
S4_Stream,CORES,M2_XGBoost,333,0.7121111846459298
S4_Stream,CORES,M3_IsolationForest,333,0.7038237200259235
S4_Stream,CORES,M1_LogisticRegression,334,0.7071751777634131
S4_Stream,CORES,M2_XGBoost,334,0.7148488830486203
S4_Stream,CORES,M3_IsolationForest,334,0.7071751777634131
S4_Stream,CORES,M1_LogisticRegression,335,0.7063389391979301
S4_Stream,CORES,M2_XGBoost,335,0.7155963302752294
S4_Stream,CORES,M3_IsolationForest,335,0.7063389391979301
S4_Stream,CORES,M1_LogisticRegression,336,0.6928104575163399
S4_Stream,CORES,M2_XGBoost,336,0.7015221707478491
S4_Stream,CORES,M3_IsolationForest,336,0.6928104575163399
S4_Stream,CORES,M1_LogisticRegression,337,0.71216999356085
S4_Stream,CORES,M2_XGBoost,337,0.717915309446254
S4_Stream,CORES,M3_IsolationForest,337,0.71216999356085
S4_Stream,CORES,M1_LogisticRegression,338,0.7055016181229773
S4_Stream,CORES,M2_XGBoost,338,0.7111111111111111
S4_Stream,CORES,M3_IsolationForest,338,0.7055016181229773
S4_Stream,CORES,M1_LogisticRegression,339,0.7253027405991077
S4_Stream,CORES,M2_XGBoost,339,0.7332474226804123
S4_Stream,CORES,M3_IsolationForest,339,0.7253027405991077
S4_Stream,CORES,M1_LogisticRegression,340,0.7029831387808041
S4_Stream,CORES,M2_XGBoost,340,0.7156084656084656
S4_Stream,CORES,M3_IsolationForest,340,0.7029831387808041
S4_Stream,CORES,M1_LogisticRegression,341,0.700454840805718
S4_Stream,CORES,M2_XGBoost,341,0.7072042300066094
S4_Stream,CORES,M3_IsolationForest,341,0.700454840805718
S4_Stream,CORES,M1_LogisticRegression,342,0.7012987012987013
S4_Stream,CORES,M2_XGBoost,342,0.7101449275362319
S4_Stream,CORES,M3_IsolationForest,342,0.7012987012987013
S4_Stream,CORES,M1_LogisticRegression,343,0.6885245901639344
S4_Stream,CORES,M2_XGBoost,343,0.6968085106382979
S4_Stream,CORES,M3_IsolationForest,343,0.6885245901639344
S4_Stream,CORES,M1_LogisticRegression,344,0.6979166666666666
S4_Stream,CORES,M2_XGBoost,344,0.7058047493403694
S4_Stream,CORES,M3_IsolationForest,344,0.6979166666666666
S4_Stream,CORES,M1_LogisticRegression,345,0.6987638256343527
S4_Stream,CORES,M2_XGBoost,345,0.7076719576719577
S4_Stream,CORES,M3_IsolationForest,345,0.6987638256343527
S4_Stream,CORES,M1_LogisticRegression,346,0.7063389391979301
S4_Stream,CORES,M2_XGBoost,346,0.716358839050132
S4_Stream,CORES,M3_IsolationForest,346,0.7063389391979301
S4_Stream,CORES,M1_LogisticRegression,347,0.6842105263157895
S4_Stream,CORES,M2_XGBoost,347,0.691638795986622
S4_Stream,CORES,M3_IsolationForest,347,0.6842105263157895
S4_Stream,CORES,M1_LogisticRegression,348,0.7163029525032092
S4_Stream,CORES,M2_XGBoost,348,0.7247885491216656
S4_Stream,CORES,M3_IsolationForest,348,0.7163029525032092
S4_Stream,CORES,M1_LogisticRegression,349,0.7046632124352331
S4_Stream,CORES,M2_XGBoost,349,0.71343481138319
S4_Stream,CORES,M3_IsolationForest,349,0.7046632124352331
S4_Stream,CORES,M1_LogisticRegression,350,0.7204094689699296
S4_Stream,CORES,M2_XGBoost,350,0.7303443794671864
S4_Stream,CORES,M3_IsolationForest,350,0.7204094689699296
S4_Stream,CORES,M1_LogisticRegression,351,0.7055016181229773
S4_Stream,CORES,M2_XGBoost,351,0.717577353522054
S4_Stream,CORES,M3_IsolationForest,351,0.7055016181229773
S4_Stream,CORES,M1_LogisticRegression,352,0.7105093488072212
S4_Stream,CORES,M2_XGBoost,352,0.7213114754098361
S4_Stream,CORES,M3_IsolationForest,352,0.7105093488072212
S4_Stream,CORES,M1_LogisticRegression,353,0.7012987012987013
S4_Stream,CORES,M2_XGBoost,353,0.71343481138319
S4_Stream,CORES,M3_IsolationForest,353,0.7012987012987013
S4_Stream,CORES,M1_LogisticRegression,354,0.678996036988111
S4_Stream,CORES,M2_XGBoost,354,0.691324815063887
S4_Stream,CORES,M3_IsolationForest,354,0.678996036988111
S4_Stream,CORES,M1_LogisticRegression,355,0.6970684039087948
S4_Stream,CORES,M2_XGBoost,355,0.7058047493403694
S4_Stream,CORES,M3_IsolationForest,355,0.6970684039087948
S4_Stream,CORES,M1_LogisticRegression,356,0.7163029525032092
S4_Stream,CORES,M2_XGBoost,356,0.7275114904793172
S4_Stream,CORES,M3_IsolationForest,356,0.7163029525032092
S4_Stream,CORES,M1_LogisticRegression,357,0.7080103359173127
S4_Stream,CORES,M2_XGBoost,357,0.7181518151815182
S4_Stream,CORES,M3_IsolationForest,357,0.7080103359173127
S4_Stream,CORES,M1_LogisticRegression,358,0.7012987012987013
S4_Stream,CORES,M2_XGBoost,358,0.7110817941952506
S4_Stream,CORES,M3_IsolationForest,358,0.7012987012987013
S4_Stream,CORES,M1_LogisticRegression,359,0.6902423051735429
S4_Stream,CORES,M2_XGBoost,359,0.6994027869940279
S4_Stream,CORES,M3_IsolationForest,359,0.6902423051735429
S4_Stream,CORES,M1_LogisticRegression,360,0.7187700192184497
S4_Stream,CORES,M2_XGBoost,360,0.7282184655396619
S4_Stream,CORES,M3_IsolationForest,360,0.7187700192184497
S4_Stream,CORES,M1_LogisticRegression,361,0.7293519695044473
S4_Stream,CORES,M2_XGBoost,361,0.7411233053582956
S4_Stream,CORES,M3_IsolationForest,361,0.7293519695044473
S4_Stream,CORES,M1_LogisticRegression,362,0.6893840104849279
S4_Stream,CORES,M2_XGBoost,362,0.6976744186046512
S4_Stream,CORES,M3_IsolationForest,362,0.6893840104849279
S4_Stream,CORES,M1_LogisticRegression,363,0.7029831387808041
S4_Stream,CORES,M2_XGBoost,363,0.7159841479524438
S4_Stream,CORES,M3_IsolationForest,363,0.7029831387808041
S4_Stream,CORES,M1_LogisticRegression,364,0.6893840104849279
S4_Stream,CORES,M2_XGBoost,364,0.6985391766268261
S4_Stream,CORES,M3_IsolationForest,364,0.6893840104849279
S4_Stream,CORES,M1_LogisticRegression,365,0.7309644670050761
S4_Stream,CORES,M2_XGBoost,365,0.7420814479638009
S4_Stream,CORES,M3_IsolationForest,365,0.7309644670050761
S4_Stream,CORES,M1_LogisticRegression,366,0.6859395532194481
S4_Stream,CORES,M2_XGBoost,366,0.696
S4_Stream,CORES,M3_IsolationForest,366,0.6859395532194481
S4_Stream,CORES,M1_LogisticRegression,367,0.7096774193548387
S4_Stream,CORES,M2_XGBoost,367,0.7210526315789474
S4_Stream,CORES,M3_IsolationForest,367,0.7096774193548387
S4_Stream,CORES,M1_LogisticRegression,368,0.7055016181229773
S4_Stream,CORES,M2_XGBoost,368,0.7106130520764667
S4_Stream,CORES,M3_IsolationForest,368,0.7055016181229773
S4_Stream,CORES,M1_LogisticRegression,369,0.7029831387808041
S4_Stream,CORES,M2_XGBoost,369,0.7105263157894737
S4_Stream,CORES,M3_IsolationForest,369,0.7029831387808041
S4_Stream,CORES,M1_LogisticRegression,370,0.6910994764397905
S4_Stream,CORES,M2_XGBoost,370,0.7088096839273705
S4_Stream,CORES,M3_IsolationForest,370,0.6910994764397905
S4_Stream,CORES,M1_LogisticRegression,371,0.7046632124352331
S4_Stream,CORES,M2_XGBoost,371,0.7181518151815182
S4_Stream,CORES,M3_IsolationForest,371,0.7046632124352331
S4_Stream,CORES,M1_LogisticRegression,372,0.6885245901639344
S4_Stream,CORES,M2_XGBoost,372,0.6969292389853138
S4_Stream,CORES,M3_IsolationForest,372,0.6885245901639344
S4_Stream,CORES,M1_LogisticRegression,373,0.7333755541481951
S4_Stream,CORES,M2_XGBoost,373,0.7429305912596401
S4_Stream,CORES,M3_IsolationForest,373,0.7333755541481951
S4_Stream,CORES,M1_LogisticRegression,374,0.7029831387808041
S4_Stream,CORES,M2_XGBoost,374,0.714663143989432
S4_Stream,CORES,M3_IsolationForest,374,0.7029831387808041
S4_Stream,CORES,M1_LogisticRegression,375,0.7357774968394437
S4_Stream,CORES,M2_XGBoost,375,0.7429667519181585
S4_Stream,CORES,M3_IsolationForest,375,0.7357774968394437
S4_Stream,CORES,M1_LogisticRegression,376,0.7253027405991077
S4_Stream,CORES,M2_XGBoost,376,0.7355425601039636
S4_Stream,CORES,M3_IsolationForest,376,0.7253027405991077
S4_Stream,CORES,M1_LogisticRegression,377,0.6996098829648895
S4_Stream,CORES,M2_XGBoost,377,0.708994708994709
S4_Stream,CORES,M3_IsolationForest,377,0.6996098829648895
S4_Stream,CORES,M1_LogisticRegression,378,0.7071751777634131
S4_Stream,CORES,M2_XGBoost,378,0.7144736842105263
S4_Stream,CORES,M3_IsolationForest,378,0.7071751777634131
S4_Stream,CORES,M1_LogisticRegression,379,0.7080103359173127
S4_Stream,CORES,M2_XGBoost,379,0.7168083714846305
S4_Stream,CORES,M3_IsolationForest,379,0.7080103359173127
S4_Stream,CORES,M1_LogisticRegression,380,0.71216999356085
S4_Stream,CORES,M2_XGBoost,380,0.7272727272727273
S4_Stream,CORES,M3_IsolationForest,380,0.71216999356085
S4_Stream,CORES,M1_LogisticRegression,381,0.7220447284345048
S4_Stream,CORES,M2_XGBoost,381,0.7310434219053791
S4_Stream,CORES,M3_IsolationForest,381,0.7220447284345048
S4_Stream,CORES,M1_LogisticRegression,382,0.7195902688860435
S4_Stream,CORES,M2_XGBoost,382,0.7258587167854829
S4_Stream,CORES,M3_IsolationForest,382,0.7195902688860435
S4_Stream,CORES,M1_LogisticRegression,383,0.6798679867986799
S4_Stream,CORES,M2_XGBoost,383,0.6947654656696125
S4_Stream,CORES,M3_IsolationForest,383,0.6798679867986799
S4_Stream,CORES,M1_LogisticRegression,384,0.695368558382257
S4_Stream,CORES,M2_XGBoost,384,0.7041694242223693
S4_Stream,CORES,M3_IsolationForest,384,0.695368558382257
S4_Stream,CORES,M1_LogisticRegression,385,0.6945169712793734
S4_Stream,CORES,M2_XGBoost,385,0.7060384870603849
S4_Stream,CORES,M3_IsolationForest,385,0.6945169712793734
S4_Stream,CORES,M1_LogisticRegression,386,0.7309644670050761
S4_Stream,CORES,M2_XGBoost,386,0.7398843930635838
S4_Stream,CORES,M3_IsolationForest,386,0.7309644670050761
S4_Stream,CORES,M1_LogisticRegression,387,0.7154784842646115
S4_Stream,CORES,M2_XGBoost,387,0.7221860767729343
S4_Stream,CORES,M3_IsolationForest,387,0.7154784842646115
S4_Stream,CORES,M1_LogisticRegression,388,0.7029831387808041
S4_Stream,CORES,M2_XGBoost,388,0.7113740959894806
S4_Stream,CORES,M3_IsolationForest,388,0.7029831387808041
S4_Stream,CORES,M1_LogisticRegression,389,0.700454840805718
S4_Stream,CORES,M2_XGBoost,389,0.7112582781456953
S4_Stream,CORES,M3_IsolationForest,389,0.700454840805718
S4_Stream,CORES,M1_LogisticRegression,390,0.6763732627399074
S4_Stream,CORES,M2_XGBoost,390,0.6859448554135844
S4_Stream,CORES,M3_IsolationForest,390,0.6763732627399074
S4_Stream,CORES,M1_LogisticRegression,391,0.7204094689699296
S4_Stream,CORES,M2_XGBoost,391,0.729747245625405
S4_Stream,CORES,M3_IsolationForest,391,0.7204094689699296
S4_Stream,CORES,M1_LogisticRegression,392,0.6987638256343527
S4_Stream,CORES,M2_XGBoost,392,0.711051930758988
S4_Stream,CORES,M3_IsolationForest,392,0.6987638256343527
S4_Stream,CORES,M1_LogisticRegression,393,0.7063389391979301
S4_Stream,CORES,M2_XGBoost,393,0.7125984251968503
S4_Stream,CORES,M3_IsolationForest,393,0.7063389391979301
S4_Stream,CORES,M1_LogisticRegression,394,0.711340206185567
S4_Stream,CORES,M2_XGBoost,394,0.7207325049051668
S4_Stream,CORES,M3_IsolationForest,394,0.711340206185567
S4_Stream,CORES,M1_LogisticRegression,395,0.7080103359173127
S4_Stream,CORES,M2_XGBoost,395,0.7155003270111184
S4_Stream,CORES,M3_IsolationForest,395,0.7080103359173127
S4_Stream,CORES,M1_LogisticRegression,396,0.7163029525032092
S4_Stream,CORES,M2_XGBoost,396,0.7290575916230366
S4_Stream,CORES,M3_IsolationForest,396,0.7163029525032092
S4_Stream,CORES,M1_LogisticRegression,397,0.7146529562982005
S4_Stream,CORES,M2_XGBoost,397,0.7221860767729343
S4_Stream,CORES,M3_IsolationForest,397,0.7146529562982005
S4_Stream,CORES,M1_LogisticRegression,398,0.6996098829648895
S4_Stream,CORES,M2_XGBoost,398,0.7075907590759076
S4_Stream,CORES,M3_IsolationForest,398,0.6996098829648895
S4_Stream,CORES,M1_LogisticRegression,399,0.7171263630532393
S4_Stream,CORES,M2_XGBoost,399,0.7285807717462394
S4_Stream,CORES,M3_IsolationForest,399,0.7171263630532393
S4_Stream,CORES,M1_LogisticRegression,400,0.6746189529489728
S4_Stream,CORES,M2_XGBoost,400,0.6878808395396073
S4_Stream,CORES,M3_IsolationForest,400,0.6746189529489728
S4_Stream,CORES,M1_LogisticRegression,401,0.7071751777634131
S4_Stream,CORES,M2_XGBoost,401,0.7169069462647444
S4_Stream,CORES,M3_IsolationForest,401,0.7071751777634131
S4_Stream,CORES,M1_LogisticRegression,402,0.7096774193548387
S4_Stream,CORES,M2_XGBoost,402,0.7208387942332897
S4_Stream,CORES,M3_IsolationForest,402,0.7096774193548387
S4_Stream,CORES,M1_LogisticRegression,403,0.7163029525032092
S4_Stream,CORES,M2_XGBoost,403,0.72893533638145
S4_Stream,CORES,M3_IsolationForest,403,0.7163029525032092
S4_Stream,CORES,M1_LogisticRegression,404,0.7038237200259235
S4_Stream,CORES,M2_XGBoost,404,0.7182539682539683
S4_Stream,CORES,M3_IsolationForest,404,0.7038237200259235
S4_Stream,CORES,M1_LogisticRegression,405,0.7055016181229773
S4_Stream,CORES,M2_XGBoost,405,0.7167325428194994
S4_Stream,CORES,M3_IsolationForest,405,0.7055016181229773
S4_Stream,CORES,M1_LogisticRegression,406,0.7021414665801428
S4_Stream,CORES,M2_XGBoost,406,0.7085261070720423
S4_Stream,CORES,M3_IsolationForest,406,0.7021414665801428
S4_Stream,CORES,M1_LogisticRegression,407,0.7389659520807061
S4_Stream,CORES,M2_XGBoost,407,0.7485604606525912
S4_Stream,CORES,M3_IsolationForest,407,0.7389659520807061
S4_Stream,CORES,M1_LogisticRegression,408,0.7146529562982005
S4_Stream,CORES,M2_XGBoost,408,0.7199480181936322
S4_Stream,CORES,M3_IsolationForest,408,0.7146529562982005
S4_Stream,CORES,M1_LogisticRegression,409,0.6868023637557452
S4_Stream,CORES,M2_XGBoost,409,0.699798522498321
S4_Stream,CORES,M3_IsolationForest,409,0.6868023637557452
S4_Stream,CORES,M1_LogisticRegression,410,0.7325728770595691
S4_Stream,CORES,M2_XGBoost,410,0.7417900837089504
S4_Stream,CORES,M3_IsolationForest,410,0.7325728770595691
S4_Stream,CORES,M1_LogisticRegression,411,0.711340206185567
S4_Stream,CORES,M2_XGBoost,411,0.7234600262123198
S4_Stream,CORES,M3_IsolationForest,411,0.711340206185567
S4_Stream,CORES,M1_LogisticRegression,412,0.700454840805718
S4_Stream,CORES,M2_XGBoost,412,0.7119095143047239
S4_Stream,CORES,M3_IsolationForest,412,0.700454840805718
S4_Stream,CORES,M1_LogisticRegression,413,0.6737400530503979
S4_Stream,CORES,M2_XGBoost,413,0.6833898305084746
S4_Stream,CORES,M3_IsolationForest,413,0.6737400530503979
S4_Stream,CORES,M1_LogisticRegression,414,0.727735368956743
S4_Stream,CORES,M2_XGBoost,414,0.7345360824742269
S4_Stream,CORES,M3_IsolationForest,414,0.727735368956743
S4_Stream,CORES,M1_LogisticRegression,415,0.6876640419947506
S4_Stream,CORES,M2_XGBoost,415,0.6941489361702128
S4_Stream,CORES,M3_IsolationForest,415,0.6876640419947506
S4_Stream,CORES,M1_LogisticRegression,416,0.695368558382257
S4_Stream,CORES,M2_XGBoost,416,0.7059602649006622
S4_Stream,CORES,M3_IsolationForest,416,0.695368558382257
S4_Stream,CORES,M1_LogisticRegression,417,0.6962190352020861
S4_Stream,CORES,M2_XGBoost,417,0.7020570670205707
S4_Stream,CORES,M3_IsolationForest,417,0.6962190352020861
S4_Stream,CORES,M1_LogisticRegression,418,0.7212276214833759
S4_Stream,CORES,M2_XGBoost,418,0.7316439246263807
S4_Stream,CORES,M3_IsolationForest,418,0.7212276214833759
S4_Stream,CORES,M1_LogisticRegression,419,0.7333755541481951
S4_Stream,CORES,M2_XGBoost,419,0.7429305912596401
S4_Stream,CORES,M3_IsolationForest,419,0.7333755541481951
S4_Stream,CORES,M1_LogisticRegression,420,0.6987638256343527
S4_Stream,CORES,M2_XGBoost,420,0.7098479841374752
S4_Stream,CORES,M3_IsolationForest,420,0.6987638256343527
S4_Stream,CORES,M1_LogisticRegression,421,0.7012987012987013
S4_Stream,CORES,M2_XGBoost,421,0.7105263157894737
S4_Stream,CORES,M3_IsolationForest,421,0.7012987012987013
S4_Stream,CORES,M1_LogisticRegression,422,0.7038237200259235
S4_Stream,CORES,M2_XGBoost,422,0.7192052980132451
S4_Stream,CORES,M3_IsolationForest,422,0.7038237200259235
S4_Stream,CORES,M1_LogisticRegression,423,0.7055016181229773
S4_Stream,CORES,M2_XGBoost,423,0.7168316831683168
S4_Stream,CORES,M3_IsolationForest,423,0.7055016181229773
S4_Stream,CORES,M1_LogisticRegression,424,0.7063389391979301
S4_Stream,CORES,M2_XGBoost,424,0.7198417930125247
S4_Stream,CORES,M3_IsolationForest,424,0.7063389391979301
S4_Stream,CORES,M1_LogisticRegression,425,0.6754966887417219
S4_Stream,CORES,M2_XGBoost,425,0.6841750841750842
S4_Stream,CORES,M3_IsolationForest,425,0.6754966887417219
S4_Stream,CORES,M1_LogisticRegression,426,0.6824769433465085
S4_Stream,CORES,M2_XGBoost,426,0.6944257891202149
S4_Stream,CORES,M3_IsolationForest,426,0.6824769433465085
S4_Stream,CORES,M1_LogisticRegression,427,0.700454840805718
S4_Stream,CORES,M2_XGBoost,427,0.7088274044795784
S4_Stream,CORES,M3_IsolationForest,427,0.700454840805718
S4_Stream,CORES,M1_LogisticRegression,428,0.6945169712793734
S4_Stream,CORES,M2_XGBoost,428,0.7103678929765886
S4_Stream,CORES,M3_IsolationForest,428,0.6945169712793734
S4_Stream,CORES,M1_LogisticRegression,429,0.7317691819911224
S4_Stream,CORES,M2_XGBoost,429,0.7397435897435898
S4_Stream,CORES,M3_IsolationForest,429,0.7317691819911224
S4_Stream,CORES,M1_LogisticRegression,430,0.6987638256343527
S4_Stream,CORES,M2_XGBoost,430,0.7054930509596293
S4_Stream,CORES,M3_IsolationForest,430,0.6987638256343527
S4_Stream,CORES,M1_LogisticRegression,431,0.6910994764397905
S4_Stream,CORES,M2_XGBoost,431,0.6993377483443709
S4_Stream,CORES,M3_IsolationForest,431,0.6910994764397905
S4_Stream,CORES,M1_LogisticRegression,432,0.7244897959183674
S4_Stream,CORES,M2_XGBoost,432,0.731016731016731
S4_Stream,CORES,M3_IsolationForest,432,0.7244897959183674
S4_Stream,CORES,M1_LogisticRegression,433,0.6902423051735429
S4_Stream,CORES,M2_XGBoost,433,0.699468085106383
S4_Stream,CORES,M3_IsolationForest,433,0.6902423051735429
S4_Stream,CORES,M1_LogisticRegression,434,0.7012987012987013
S4_Stream,CORES,M2_XGBoost,434,0.7075098814229249
S4_Stream,CORES,M3_IsolationForest,434,0.7012987012987013
S4_Stream,CORES,M1_LogisticRegression,435,0.722860791826309
S4_Stream,CORES,M2_XGBoost,435,0.727741935483871
S4_Stream,CORES,M3_IsolationForest,435,0.722860791826309
S4_Stream,CORES,M1_LogisticRegression,436,0.7063389391979301
S4_Stream,CORES,M2_XGBoost,436,0.7118421052631579
S4_Stream,CORES,M3_IsolationForest,436,0.7063389391979301
S4_Stream,CORES,M1_LogisticRegression,437,0.7261146496815286
S4_Stream,CORES,M2_XGBoost,437,0.7318652849740933
S4_Stream,CORES,M3_IsolationForest,437,0.7261146496815286
S4_Stream,CORES,M1_LogisticRegression,438,0.7138263665594855
S4_Stream,CORES,M2_XGBoost,438,0.7259646827992152
S4_Stream,CORES,M3_IsolationForest,438,0.7138263665594855
S4_Stream,CORES,M1_LogisticRegression,439,0.6666666666666666
S4_Stream,CORES,M2_XGBoost,439,0.6775288526816021
S4_Stream,CORES,M3_IsolationForest,439,0.6666666666666666
S4_Stream,CORES,M1_LogisticRegression,440,0.695368558382257
S4_Stream,CORES,M2_XGBoost,440,0.7121820615796519
S4_Stream,CORES,M3_IsolationForest,440,0.695368558382257
S4_Stream,CORES,M1_LogisticRegression,441,0.6710963455149501
S4_Stream,CORES,M2_XGBoost,441,0.6847826086956522
S4_Stream,CORES,M3_IsolationForest,441,0.6710963455149501
S4_Stream,CORES,M1_LogisticRegression,442,0.6919555264879006
S4_Stream,CORES,M2_XGBoost,442,0.7063545150501672
S4_Stream,CORES,M3_IsolationForest,442,0.6919555264879006
S4_Stream,CORES,M1_LogisticRegression,443,0.7071751777634131
S4_Stream,CORES,M2_XGBoost,443,0.7162606978275181
S4_Stream,CORES,M3_IsolationForest,443,0.7071751777634131
S4_Stream,CORES,M1_LogisticRegression,444,0.7021414665801428
S4_Stream,CORES,M2_XGBoost,444,0.7132498352010547
S4_Stream,CORES,M3_IsolationForest,444,0.7021414665801428
S4_Stream,CORES,M1_LogisticRegression,445,0.7204094689699296
S4_Stream,CORES,M2_XGBoost,445,0.7321196358907672
S4_Stream,CORES,M3_IsolationForest,445,0.7204094689699296
S4_Stream,CORES,M1_LogisticRegression,446,0.6945169712793734
S4_Stream,CORES,M2_XGBoost,446,0.7121820615796519
S4_Stream,CORES,M3_IsolationForest,446,0.6945169712793734
S4_Stream,CORES,M1_LogisticRegression,447,0.6885245901639344
S4_Stream,CORES,M2_XGBoost,447,0.6977363515312917
S4_Stream,CORES,M3_IsolationForest,447,0.6885245901639344
S4_Stream,CORES,M1_LogisticRegression,448,0.6876640419947506
S4_Stream,CORES,M2_XGBoost,448,0.69826435246996
S4_Stream,CORES,M3_IsolationForest,448,0.6876640419947506
S4_Stream,CORES,M1_LogisticRegression,449,0.700454840805718
S4_Stream,CORES,M2_XGBoost,449,0.7127659574468085
S4_Stream,CORES,M3_IsolationForest,449,0.700454840805718
S4_Stream,CORES,M1_LogisticRegression,450,0.6919555264879006
S4_Stream,CORES,M2_XGBoost,450,0.7034574468085106
S4_Stream,CORES,M3_IsolationForest,450,0.6919555264879006
S4_Stream,CORES,M1_LogisticRegression,451,0.6850756081525312
S4_Stream,CORES,M2_XGBoost,451,0.6937958639092728
S4_Stream,CORES,M3_IsolationForest,451,0.6850756081525312
S4_Stream,CORES,M1_LogisticRegression,452,0.7163029525032092
S4_Stream,CORES,M2_XGBoost,452,0.7282252783235101
S4_Stream,CORES,M3_IsolationForest,452,0.7163029525032092
S4_Stream,CORES,M1_LogisticRegression,453,0.7063389391979301
S4_Stream,CORES,M2_XGBoost,453,0.7176781002638523
S4_Stream,CORES,M3_IsolationForest,453,0.7063389391979301
S4_Stream,CORES,M1_LogisticRegression,454,0.7029831387808041
S4_Stream,CORES,M2_XGBoost,454,0.7119314436387607
S4_Stream,CORES,M3_IsolationForest,454,0.7029831387808041
S4_Stream,CORES,M1_LogisticRegression,455,0.7138263665594855
S4_Stream,CORES,M2_XGBoost,455,0.7237099934683213
S4_Stream,CORES,M3_IsolationForest,455,0.7138263665594855
S4_Stream,CORES,M1_LogisticRegression,456,0.71216999356085
S4_Stream,CORES,M2_XGBoost,456,0.7209908735332464
S4_Stream,CORES,M3_IsolationForest,456,0.71216999356085
S4_Stream,CORES,M1_LogisticRegression,457,0.700454840805718
S4_Stream,CORES,M2_XGBoost,457,0.7106130520764667
S4_Stream,CORES,M3_IsolationForest,457,0.700454840805718
S4_Stream,CORES,M1_LogisticRegression,458,0.6970684039087948
S4_Stream,CORES,M2_XGBoost,458,0.7072847682119205
S4_Stream,CORES,M3_IsolationForest,458,0.6970684039087948
S4_Stream,CORES,M1_LogisticRegression,459,0.7021414665801428
S4_Stream,CORES,M2_XGBoost,459,0.7162790697674418
S4_Stream,CORES,M3_IsolationForest,459,0.7021414665801428
S4_Stream,CORES,M1_LogisticRegression,460,0.7046632124352331
S4_Stream,CORES,M2_XGBoost,460,0.7123107307439105
S4_Stream,CORES,M3_IsolationForest,460,0.7046632124352331
S4_Stream,CORES,M1_LogisticRegression,461,0.7204094689699296
S4_Stream,CORES,M2_XGBoost,461,0.7291666666666666
S4_Stream,CORES,M3_IsolationForest,461,0.7204094689699296
S4_Stream,CORES,M1_LogisticRegression,462,0.6622073578595318
S4_Stream,CORES,M2_XGBoost,462,0.6684745762711864
S4_Stream,CORES,M3_IsolationForest,462,0.6622073578595318
S4_Stream,CORES,M1_LogisticRegression,463,0.700454840805718
S4_Stream,CORES,M2_XGBoost,463,0.7117296222664016
S4_Stream,CORES,M3_IsolationForest,463,0.700454840805718
S4_Stream,CORES,M1_LogisticRegression,464,0.7055016181229773
S4_Stream,CORES,M2_XGBoost,464,0.7115761935905821
S4_Stream,CORES,M3_IsolationForest,464,0.7055016181229773
S4_Stream,CORES,M1_LogisticRegression,465,0.7138263665594855
S4_Stream,CORES,M2_XGBoost,465,0.7213541666666666
S4_Stream,CORES,M3_IsolationForest,465,0.7138263665594855
S4_Stream,CORES,M1_LogisticRegression,466,0.7055016181229773
S4_Stream,CORES,M2_XGBoost,466,0.7101827676240209
S4_Stream,CORES,M3_IsolationForest,466,0.7055016181229773
S4_Stream,CORES,M1_LogisticRegression,467,0.7071751777634131
S4_Stream,CORES,M2_XGBoost,467,0.7150326797385621
S4_Stream,CORES,M3_IsolationForest,467,0.7071751777634131
S4_Stream,CORES,M1_LogisticRegression,468,0.6970684039087948
S4_Stream,CORES,M2_XGBoost,468,0.7090788601722995
S4_Stream,CORES,M3_IsolationForest,468,0.6970684039087948
S4_Stream,CORES,M1_LogisticRegression,469,0.7029831387808041
S4_Stream,CORES,M2_XGBoost,469,0.7099737532808399
S4_Stream,CORES,M3_IsolationForest,469,0.7029831387808041
S4_Stream,CORES,M1_LogisticRegression,470,0.7212276214833759
S4_Stream,CORES,M2_XGBoost,470,0.7301173402868318
S4_Stream,CORES,M3_IsolationForest,470,0.7212276214833759
S4_Stream,CORES,M1_LogisticRegression,471,0.7096774193548387
S4_Stream,CORES,M2_XGBoost,471,0.7182175622542595
S4_Stream,CORES,M3_IsolationForest,471,0.7096774193548387
S4_Stream,CORES,M1_LogisticRegression,472,0.7236758136566688
S4_Stream,CORES,M2_XGBoost,472,0.7374592833876221
S4_Stream,CORES,M3_IsolationForest,472,0.7236758136566688
S4_Stream,CORES,M1_LogisticRegression,473,0.6902423051735429
S4_Stream,CORES,M2_XGBoost,473,0.698201199200533
S4_Stream,CORES,M3_IsolationForest,473,0.6902423051735429
S4_Stream,CORES,M1_LogisticRegression,474,0.6936642717178315
S4_Stream,CORES,M2_XGBoost,474,0.7043189368770764
S4_Stream,CORES,M3_IsolationForest,474,0.6936642717178315
S4_Stream,CORES,M1_LogisticRegression,475,0.6754966887417219
S4_Stream,CORES,M2_XGBoost,475,0.6883468834688347
S4_Stream,CORES,M3_IsolationForest,475,0.6754966887417219
S4_Stream,CORES,M1_LogisticRegression,476,0.71216999356085
S4_Stream,CORES,M2_XGBoost,476,0.7244094488188977
S4_Stream,CORES,M3_IsolationForest,476,0.71216999356085
S4_Stream,CORES,M1_LogisticRegression,477,0.6702127659574468
S4_Stream,CORES,M2_XGBoost,477,0.6824966078697422
S4_Stream,CORES,M3_IsolationForest,477,0.6702127659574468
S4_Stream,CORES,M1_LogisticRegression,478,0.6987638256343527
S4_Stream,CORES,M2_XGBoost,478,0.7075907590759076
S4_Stream,CORES,M3_IsolationForest,478,0.6987638256343527
S4_Stream,CORES,M1_LogisticRegression,479,0.6928104575163399
S4_Stream,CORES,M2_XGBoost,479,0.7019867549668874
S4_Stream,CORES,M3_IsolationForest,479,0.6928104575163399
S4_Stream,CORES,M1_LogisticRegression,480,0.7063389391979301
S4_Stream,CORES,M2_XGBoost,480,0.7171052631578947
S4_Stream,CORES,M3_IsolationForest,480,0.7063389391979301
S4_Stream,CORES,M1_LogisticRegression,481,0.7055016181229773
S4_Stream,CORES,M2_XGBoost,481,0.7187293183322303
S4_Stream,CORES,M3_IsolationForest,481,0.7055016181229773
S4_Stream,CORES,M1_LogisticRegression,482,0.7080103359173127
S4_Stream,CORES,M2_XGBoost,482,0.7197368421052631
S4_Stream,CORES,M3_IsolationForest,482,0.7080103359173127
S4_Stream,CORES,M1_LogisticRegression,483,0.7138263665594855
S4_Stream,CORES,M2_XGBoost,483,0.7218241042345277
S4_Stream,CORES,M3_IsolationForest,483,0.7138263665594855
S4_Stream,CORES,M1_LogisticRegression,484,0.6816084377059987
S4_Stream,CORES,M2_XGBoost,484,0.6921529175050302
S4_Stream,CORES,M3_IsolationForest,484,0.6816084377059987
S4_Stream,CORES,M1_LogisticRegression,485,0.6885245901639344
S4_Stream,CORES,M2_XGBoost,485,0.7004669779853235
S4_Stream,CORES,M3_IsolationForest,485,0.6885245901639344
S4_Stream,CORES,M1_LogisticRegression,486,0.6798679867986799
S4_Stream,CORES,M2_XGBoost,486,0.6866666666666666
S4_Stream,CORES,M3_IsolationForest,486,0.6798679867986799
S4_Stream,CORES,M1_LogisticRegression,487,0.712998712998713
S4_Stream,CORES,M2_XGBoost,487,0.722875816993464
S4_Stream,CORES,M3_IsolationForest,487,0.712998712998713
S4_Stream,CORES,M1_LogisticRegression,488,0.7096774193548387
S4_Stream,CORES,M2_XGBoost,488,0.7203667321545514
S4_Stream,CORES,M3_IsolationForest,488,0.7096774193548387
S4_Stream,CORES,M1_LogisticRegression,489,0.6979166666666666
S4_Stream,CORES,M2_XGBoost,489,0.7048748353096179
S4_Stream,CORES,M3_IsolationForest,489,0.6979166666666666
S4_Stream,CORES,M1_LogisticRegression,490,0.6987638256343527
S4_Stream,CORES,M2_XGBoost,490,0.7072042300066094
S4_Stream,CORES,M3_IsolationForest,490,0.6987638256343527
S4_Stream,CORES,M1_LogisticRegression,491,0.6754966887417219
S4_Stream,CORES,M2_XGBoost,491,0.6850235057085292
S4_Stream,CORES,M3_IsolationForest,491,0.6754966887417219
S4_Stream,CORES,M1_LogisticRegression,492,0.7071751777634131
S4_Stream,CORES,M2_XGBoost,492,0.7146596858638743
S4_Stream,CORES,M3_IsolationForest,492,0.7071751777634131
S4_Stream,CORES,M1_LogisticRegression,493,0.7309644670050761
S4_Stream,CORES,M2_XGBoost,493,0.7398843930635838
S4_Stream,CORES,M3_IsolationForest,493,0.7309644670050761
S4_Stream,CORES,M1_LogisticRegression,494,0.7204094689699296
S4_Stream,CORES,M2_XGBoost,494,0.7288025889967638
S4_Stream,CORES,M3_IsolationForest,494,0.7204094689699296
S4_Stream,CORES,M1_LogisticRegression,495,0.6763732627399074
S4_Stream,CORES,M2_XGBoost,495,0.6854460093896714
S4_Stream,CORES,M3_IsolationForest,495,0.6763732627399074
S4_Stream,CORES,M1_LogisticRegression,496,0.7146529562982005
S4_Stream,CORES,M2_XGBoost,496,0.72265625
S4_Stream,CORES,M3_IsolationForest,496,0.7146529562982005
S4_Stream,CORES,M1_LogisticRegression,497,0.6893840104849279
S4_Stream,CORES,M2_XGBoost,497,0.6980756469807564
S4_Stream,CORES,M3_IsolationForest,497,0.6893840104849279
S4_Stream,CORES,M1_LogisticRegression,498,0.6962190352020861
S4_Stream,CORES,M2_XGBoost,498,0.702774108322325
S4_Stream,CORES,M3_IsolationForest,498,0.6962190352020861
S4_Stream,CORES,M1_LogisticRegression,499,0.7096774193548387
S4_Stream,CORES,M2_XGBoost,499,0.7201051248357424
S4_Stream,CORES,M3_IsolationForest,499,0.7096774193548387
S4_Stream,NETFLOW,M1_LogisticRegression,0,0.6048171275646744
S4_Stream,NETFLOW,M2_XGBoost,0,0.35856573705179284
S4_Stream,NETFLOW,M3_IsolationForest,0,0.6987638256343527
S4_Stream,NETFLOW,M1_LogisticRegression,1,0.608
S4_Stream,NETFLOW,M2_XGBoost,1,0.37055837563451777
S4_Stream,NETFLOW,M3_IsolationForest,1,0.7046632124352331
S4_Stream,NETFLOW,M1_LogisticRegression,2,0.6031746031746031
S4_Stream,NETFLOW,M2_XGBoost,2,0.3785900783289817
S4_Stream,NETFLOW,M3_IsolationForest,2,0.6902423051735429
S4_Stream,NETFLOW,M1_LogisticRegression,3,0.5967042497831744
S4_Stream,NETFLOW,M2_XGBoost,3,0.34047919293820933
S4_Stream,NETFLOW,M3_IsolationForest,3,0.7096774193548387
S4_Stream,NETFLOW,M1_LogisticRegression,4,0.6050847457627119
S4_Stream,NETFLOW,M2_XGBoost,4,0.371571072319202
S4_Stream,NETFLOW,M3_IsolationForest,4,0.7204094689699296
S4_Stream,NETFLOW,M1_LogisticRegression,5,0.5887445887445888
S4_Stream,NETFLOW,M2_XGBoost,5,0.3778337531486146
S4_Stream,NETFLOW,M3_IsolationForest,5,0.7269255251432208
S4_Stream,NETFLOW,M1_LogisticRegression,6,0.5868995633187772
S4_Stream,NETFLOW,M2_XGBoost,6,0.36553524804177545
S4_Stream,NETFLOW,M3_IsolationForest,6,0.6850756081525312
S4_Stream,NETFLOW,M1_LogisticRegression,7,0.5837651122625216
S4_Stream,NETFLOW,M2_XGBoost,7,0.34465408805031444
S4_Stream,NETFLOW,M3_IsolationForest,7,0.711340206185567
S4_Stream,NETFLOW,M1_LogisticRegression,8,0.6079447322970639
S4_Stream,NETFLOW,M2_XGBoost,8,0.3726235741444867
S4_Stream,NETFLOW,M3_IsolationForest,8,0.717948717948718
S4_Stream,NETFLOW,M1_LogisticRegression,9,0.5855777584708949
S4_Stream,NETFLOW,M2_XGBoost,9,0.3735705209656925
S4_Stream,NETFLOW,M3_IsolationForest,9,0.7105093488072212
S4_Stream,NETFLOW,M1_LogisticRegression,10,0.6024305555555556
S4_Stream,NETFLOW,M2_XGBoost,10,0.33202614379084966
S4_Stream,NETFLOW,M3_IsolationForest,10,0.7038237200259235
S4_Stream,NETFLOW,M1_LogisticRegression,11,0.6005314437555359
S4_Stream,NETFLOW,M2_XGBoost,11,0.337696335078534
S4_Stream,NETFLOW,M3_IsolationForest,11,0.6816084377059987
S4_Stream,NETFLOW,M1_LogisticRegression,12,0.6094420600858369
S4_Stream,NETFLOW,M2_XGBoost,12,0.3104325699745547
S4_Stream,NETFLOW,M3_IsolationForest,12,0.7138263665594855
S4_Stream,NETFLOW,M1_LogisticRegression,13,0.5745257452574526
S4_Stream,NETFLOW,M2_XGBoost,13,0.33692722371967654
S4_Stream,NETFLOW,M3_IsolationForest,13,0.6816084377059987
S4_Stream,NETFLOW,M1_LogisticRegression,14,0.5857519788918206
S4_Stream,NETFLOW,M2_XGBoost,14,0.34554973821989526
S4_Stream,NETFLOW,M3_IsolationForest,14,0.700454840805718
S4_Stream,NETFLOW,M1_LogisticRegression,15,0.605424321959755
S4_Stream,NETFLOW,M2_XGBoost,15,0.35398230088495575
S4_Stream,NETFLOW,M3_IsolationForest,15,0.7038237200259235
S4_Stream,NETFLOW,M1_LogisticRegression,16,0.6112084063047285
S4_Stream,NETFLOW,M2_XGBoost,16,0.3704630788485607
S4_Stream,NETFLOW,M3_IsolationForest,16,0.71216999356085
S4_Stream,NETFLOW,M1_LogisticRegression,17,0.6185216652506372
S4_Stream,NETFLOW,M2_XGBoost,17,0.4218181818181818
S4_Stream,NETFLOW,M3_IsolationForest,17,0.7146529562982005
S4_Stream,NETFLOW,M1_LogisticRegression,18,0.6024734982332155
S4_Stream,NETFLOW,M2_XGBoost,18,0.36100131752305664
S4_Stream,NETFLOW,M3_IsolationForest,18,0.6970684039087948
S4_Stream,NETFLOW,M1_LogisticRegression,19,0.5961538461538461
S4_Stream,NETFLOW,M2_XGBoost,19,0.37055837563451777
S4_Stream,NETFLOW,M3_IsolationForest,19,0.7055016181229773
S4_Stream,NETFLOW,M1_LogisticRegression,20,0.6352148272957034
S4_Stream,NETFLOW,M2_XGBoost,20,0.3960149439601494
S4_Stream,NETFLOW,M3_IsolationForest,20,0.7293519695044473
S4_Stream,NETFLOW,M1_LogisticRegression,21,0.5931758530183727
S4_Stream,NETFLOW,M2_XGBoost,21,0.36545682102628285
S4_Stream,NETFLOW,M3_IsolationForest,21,0.712998712998713
S4_Stream,NETFLOW,M1_LogisticRegression,22,0.6141868512110726
S4_Stream,NETFLOW,M2_XGBoost,22,0.3851851851851852
S4_Stream,NETFLOW,M3_IsolationForest,22,0.7285441830896376
S4_Stream,NETFLOW,M1_LogisticRegression,23,0.5837742504409171
S4_Stream,NETFLOW,M2_XGBoost,23,0.3425559947299078
S4_Stream,NETFLOW,M3_IsolationForest,23,0.7029831387808041
S4_Stream,NETFLOW,M1_LogisticRegression,24,0.5796296296296296
S4_Stream,NETFLOW,M2_XGBoost,24,0.33468286099865047
S4_Stream,NETFLOW,M3_IsolationForest,24,0.6910994764397905
S4_Stream,NETFLOW,M1_LogisticRegression,25,0.6033129904097646
S4_Stream,NETFLOW,M2_XGBoost,25,0.3324538258575198
S4_Stream,NETFLOW,M3_IsolationForest,25,0.7038237200259235
S4_Stream,NETFLOW,M1_LogisticRegression,26,0.6301600673967986
S4_Stream,NETFLOW,M2_XGBoost,26,0.37910085054678005
S4_Stream,NETFLOW,M3_IsolationForest,26,0.7325728770595691
S4_Stream,NETFLOW,M1_LogisticRegression,27,0.6295358649789029
S4_Stream,NETFLOW,M2_XGBoost,27,0.3609022556390977
S4_Stream,NETFLOW,M3_IsolationForest,27,0.7220447284345048
S4_Stream,NETFLOW,M1_LogisticRegression,28,0.6266094420600858
S4_Stream,NETFLOW,M2_XGBoost,28,0.404551201011378
S4_Stream,NETFLOW,M3_IsolationForest,28,0.7154784842646115
S4_Stream,NETFLOW,M1_LogisticRegression,29,0.602112676056338
S4_Stream,NETFLOW,M2_XGBoost,29,0.37027379400260757
S4_Stream,NETFLOW,M3_IsolationForest,29,0.7063389391979301
S4_Stream,NETFLOW,M1_LogisticRegression,30,0.5888888888888889
S4_Stream,NETFLOW,M2_XGBoost,30,0.36939313984168864
S4_Stream,NETFLOW,M3_IsolationForest,30,0.6746189529489728
S4_Stream,NETFLOW,M1_LogisticRegression,31,0.5553539019963702
S4_Stream,NETFLOW,M2_XGBoost,31,0.3390728476821192
S4_Stream,NETFLOW,M3_IsolationForest,31,0.695368558382257
S4_Stream,NETFLOW,M1_LogisticRegression,32,0.5896980461811723
S4_Stream,NETFLOW,M2_XGBoost,32,0.3796178343949045
S4_Stream,NETFLOW,M3_IsolationForest,32,0.6996098829648895
S4_Stream,NETFLOW,M1_LogisticRegression,33,0.6190476190476191
S4_Stream,NETFLOW,M2_XGBoost,33,0.34328358208955223
S4_Stream,NETFLOW,M3_IsolationForest,33,0.7285441830896376
S4_Stream,NETFLOW,M1_LogisticRegression,34,0.5980650835532102
S4_Stream,NETFLOW,M2_XGBoost,34,0.3315508021390374
S4_Stream,NETFLOW,M3_IsolationForest,34,0.6970684039087948
S4_Stream,NETFLOW,M1_LogisticRegression,35,0.6172624237140366
S4_Stream,NETFLOW,M2_XGBoost,35,0.3442211055276382
S4_Stream,NETFLOW,M3_IsolationForest,35,0.7146529562982005
S4_Stream,NETFLOW,M1_LogisticRegression,36,0.6189683860232945
S4_Stream,NETFLOW,M2_XGBoost,36,0.36049382716049383
S4_Stream,NETFLOW,M3_IsolationForest,36,0.7204094689699296
S4_Stream,NETFLOW,M1_LogisticRegression,37,0.627906976744186
S4_Stream,NETFLOW,M2_XGBoost,37,0.3435114503816794
S4_Stream,NETFLOW,M3_IsolationForest,37,0.7261146496815286
S4_Stream,NETFLOW,M1_LogisticRegression,38,0.610312764158918
S4_Stream,NETFLOW,M2_XGBoost,38,0.3420074349442379
S4_Stream,NETFLOW,M3_IsolationForest,38,0.7261146496815286
S4_Stream,NETFLOW,M1_LogisticRegression,39,0.6067226890756302
S4_Stream,NETFLOW,M2_XGBoost,39,0.33374844333748444
S4_Stream,NETFLOW,M3_IsolationForest,39,0.7357774968394437
S4_Stream,NETFLOW,M1_LogisticRegression,40,0.6072664359861591
S4_Stream,NETFLOW,M2_XGBoost,40,0.36888331242158096
S4_Stream,NETFLOW,M3_IsolationForest,40,0.7163029525032092
S4_Stream,NETFLOW,M1_LogisticRegression,41,0.6051011433597185
S4_Stream,NETFLOW,M2_XGBoost,41,0.34782608695652173
S4_Stream,NETFLOW,M3_IsolationForest,41,0.7105093488072212
S4_Stream,NETFLOW,M1_LogisticRegression,42,0.6110154905335629
S4_Stream,NETFLOW,M2_XGBoost,42,0.35368956743002544
S4_Stream,NETFLOW,M3_IsolationForest,42,0.7269255251432208
S4_Stream,NETFLOW,M1_LogisticRegression,43,0.5876106194690266
S4_Stream,NETFLOW,M2_XGBoost,43,0.33506493506493507
S4_Stream,NETFLOW,M3_IsolationForest,43,0.7038237200259235
S4_Stream,NETFLOW,M1_LogisticRegression,44,0.623175965665236
S4_Stream,NETFLOW,M2_XGBoost,44,0.39092055485498106
S4_Stream,NETFLOW,M3_IsolationForest,44,0.7220447284345048
S4_Stream,NETFLOW,M1_LogisticRegression,45,0.5909878682842288
S4_Stream,NETFLOW,M2_XGBoost,45,0.32997481108312343
S4_Stream,NETFLOW,M3_IsolationForest,45,0.722860791826309
S4_Stream,NETFLOW,M1_LogisticRegression,46,0.6193771626297578
S4_Stream,NETFLOW,M2_XGBoost,46,0.6811352253756261
S4_Stream,NETFLOW,M3_IsolationForest,46,0.7105093488072212
S4_Stream,NETFLOW,M1_LogisticRegression,47,0.6168549087749783
S4_Stream,NETFLOW,M2_XGBoost,47,0.6784810126582278
S4_Stream,NETFLOW,M3_IsolationForest,47,0.6970684039087948
S4_Stream,NETFLOW,M1_LogisticRegression,48,0.6023029229406555
S4_Stream,NETFLOW,M2_XGBoost,48,0.6754966887417219
S4_Stream,NETFLOW,M3_IsolationForest,48,0.700454840805718
S4_Stream,NETFLOW,M1_LogisticRegression,49,0.6194995685936152
S4_Stream,NETFLOW,M2_XGBoost,49,0.6846846846846847
S4_Stream,NETFLOW,M3_IsolationForest,49,0.7204094689699296
S4_Stream,NETFLOW,M1_LogisticRegression,50,0.6155187445510026
S4_Stream,NETFLOW,M2_XGBoost,50,0.6650124069478908
S4_Stream,NETFLOW,M3_IsolationForest,50,0.7088444157520981
S4_Stream,NETFLOW,M1_LogisticRegression,51,0.5991489361702128
S4_Stream,NETFLOW,M2_XGBoost,51,0.6962233169129721
S4_Stream,NETFLOW,M3_IsolationForest,51,0.727735368956743
S4_Stream,NETFLOW,M1_LogisticRegression,52,0.5945017182130584
S4_Stream,NETFLOW,M2_XGBoost,52,0.629843363561418
S4_Stream,NETFLOW,M3_IsolationForest,52,0.7154784842646115
S4_Stream,NETFLOW,M1_LogisticRegression,53,0.6131907308377896
S4_Stream,NETFLOW,M2_XGBoost,53,0.6790227464195451
S4_Stream,NETFLOW,M3_IsolationForest,53,0.6987638256343527
S4_Stream,NETFLOW,M1_LogisticRegression,54,0.6095890410958904
S4_Stream,NETFLOW,M2_XGBoost,54,0.6770747740345111
S4_Stream,NETFLOW,M3_IsolationForest,54,0.7253027405991077
S4_Stream,NETFLOW,M1_LogisticRegression,55,0.6079447322970639
S4_Stream,NETFLOW,M2_XGBoost,55,0.6661073825503355
S4_Stream,NETFLOW,M3_IsolationForest,55,0.717948717948718
S4_Stream,NETFLOW,M1_LogisticRegression,56,0.5969615728328865
S4_Stream,NETFLOW,M2_XGBoost,56,0.6524701873935264
S4_Stream,NETFLOW,M3_IsolationForest,56,0.6979166666666666
S4_Stream,NETFLOW,M1_LogisticRegression,57,0.6147186147186147
S4_Stream,NETFLOW,M2_XGBoost,57,0.6962727993655828
S4_Stream,NETFLOW,M3_IsolationForest,57,0.7357774968394437
S4_Stream,NETFLOW,M1_LogisticRegression,58,0.6139130434782609
S4_Stream,NETFLOW,M2_XGBoost,58,0.6320422535211268
S4_Stream,NETFLOW,M3_IsolationForest,58,0.7071751777634131
S4_Stream,NETFLOW,M1_LogisticRegression,59,0.5845620121422377
S4_Stream,NETFLOW,M2_XGBoost,59,0.6628099173553719
S4_Stream,NETFLOW,M3_IsolationForest,59,0.7088444157520981
S4_Stream,NETFLOW,M1_LogisticRegression,60,0.62248322147651
S4_Stream,NETFLOW,M2_XGBoost,60,0.7146321746160065
S4_Stream,NETFLOW,M3_IsolationForest,60,0.7413467589679044
S4_Stream,NETFLOW,M1_LogisticRegression,61,0.6089965397923875
S4_Stream,NETFLOW,M2_XGBoost,61,0.6744379683597003
S4_Stream,NETFLOW,M3_IsolationForest,61,0.71216999356085
S4_Stream,NETFLOW,M1_LogisticRegression,62,0.5623293903548681
S4_Stream,NETFLOW,M2_XGBoost,62,0.6552020636285468
S4_Stream,NETFLOW,M3_IsolationForest,62,0.6859395532194481
S4_Stream,NETFLOW,M1_LogisticRegression,63,0.5894924309884239
S4_Stream,NETFLOW,M2_XGBoost,63,0.6695205479452054
S4_Stream,NETFLOW,M3_IsolationForest,63,0.6945169712793734
S4_Stream,NETFLOW,M1_LogisticRegression,64,0.6193327630453379
S4_Stream,NETFLOW,M2_XGBoost,64,0.6726384364820847
S4_Stream,NETFLOW,M3_IsolationForest,64,0.7220447284345048
S4_Stream,NETFLOW,M1_LogisticRegression,65,0.5918189730200174
S4_Stream,NETFLOW,M2_XGBoost,65,0.6750841750841751
S4_Stream,NETFLOW,M3_IsolationForest,65,0.712998712998713
S4_Stream,NETFLOW,M1_LogisticRegression,66,0.5933098591549296
S4_Stream,NETFLOW,M2_XGBoost,66,0.6728343145500421
S4_Stream,NETFLOW,M3_IsolationForest,66,0.7096774193548387
S4_Stream,NETFLOW,M1_LogisticRegression,67,0.6022628372497825
S4_Stream,NETFLOW,M2_XGBoost,67,0.6666666666666666
S4_Stream,NETFLOW,M3_IsolationForest,67,0.6979166666666666
S4_Stream,NETFLOW,M1_LogisticRegression,68,0.584426946631671
S4_Stream,NETFLOW,M2_XGBoost,68,0.6449957228400343
S4_Stream,NETFLOW,M3_IsolationForest,68,0.700454840805718
S4_Stream,NETFLOW,M1_LogisticRegression,69,0.5899912203687445
S4_Stream,NETFLOW,M2_XGBoost,69,0.6565143824027073
S4_Stream,NETFLOW,M3_IsolationForest,69,0.7088444157520981
S4_Stream,NETFLOW,M1_LogisticRegression,70,0.6013513513513513
S4_Stream,NETFLOW,M2_XGBoost,70,0.6510067114093959
S4_Stream,NETFLOW,M3_IsolationForest,70,0.7244897959183674
S4_Stream,NETFLOW,M1_LogisticRegression,71,0.6170026292725679
S4_Stream,NETFLOW,M2_XGBoost,71,0.6741186586414445
S4_Stream,NETFLOW,M3_IsolationForest,71,0.7138263665594855
S4_Stream,NETFLOW,M1_LogisticRegression,72,0.6053571428571428
S4_Stream,NETFLOW,M2_XGBoost,72,0.6132644272179156
S4_Stream,NETFLOW,M3_IsolationForest,72,0.711340206185567
S4_Stream,NETFLOW,M1_LogisticRegression,73,0.5948905109489051
S4_Stream,NETFLOW,M2_XGBoost,73,0.6358078602620088
S4_Stream,NETFLOW,M3_IsolationForest,73,0.6928104575163399
S4_Stream,NETFLOW,M1_LogisticRegression,74,0.6046511627906976
S4_Stream,NETFLOW,M2_XGBoost,74,0.6717817561807332
S4_Stream,NETFLOW,M3_IsolationForest,74,0.6970684039087948
S4_Stream,NETFLOW,M1_LogisticRegression,75,0.6167400881057269
S4_Stream,NETFLOW,M2_XGBoost,75,0.6587234042553192
S4_Stream,NETFLOW,M3_IsolationForest,75,0.7088444157520981
S4_Stream,NETFLOW,M1_LogisticRegression,76,0.5741710296684118
S4_Stream,NETFLOW,M2_XGBoost,76,0.6402695871946082
S4_Stream,NETFLOW,M3_IsolationForest,76,0.7088444157520981
S4_Stream,NETFLOW,M1_LogisticRegression,77,0.5938864628820961
S4_Stream,NETFLOW,M2_XGBoost,77,0.643581081081081
S4_Stream,NETFLOW,M3_IsolationForest,77,0.7096774193548387
S4_Stream,NETFLOW,M1_LogisticRegression,78,0.5782918149466192
S4_Stream,NETFLOW,M2_XGBoost,78,0.6722972972972973
S4_Stream,NETFLOW,M3_IsolationForest,78,0.6962190352020861
S4_Stream,NETFLOW,M1_LogisticRegression,79,0.6155202821869489
S4_Stream,NETFLOW,M2_XGBoost,79,0.6824724809483489
S4_Stream,NETFLOW,M3_IsolationForest,79,0.717948717948718
S4_Stream,NETFLOW,M1_LogisticRegression,80,0.6215753424657534
S4_Stream,NETFLOW,M2_XGBoost,80,0.6862910008410429
S4_Stream,NETFLOW,M3_IsolationForest,80,0.711340206185567
S4_Stream,NETFLOW,M1_LogisticRegression,81,0.6024096385542169
S4_Stream,NETFLOW,M2_XGBoost,81,0.70355078447564
S4_Stream,NETFLOW,M3_IsolationForest,81,0.7212276214833759
S4_Stream,NETFLOW,M1_LogisticRegression,82,0.5960034752389227
S4_Stream,NETFLOW,M2_XGBoost,82,0.6622185154295246
S4_Stream,NETFLOW,M3_IsolationForest,82,0.7080103359173127
S4_Stream,NETFLOW,M1_LogisticRegression,83,0.5706618962432916
S4_Stream,NETFLOW,M2_XGBoost,83,0.6410256410256411
S4_Stream,NETFLOW,M3_IsolationForest,83,0.6824769433465085
S4_Stream,NETFLOW,M1_LogisticRegression,84,0.6060085836909871
S4_Stream,NETFLOW,M2_XGBoost,84,0.6717948717948717
S4_Stream,NETFLOW,M3_IsolationForest,84,0.7105093488072212
S4_Stream,NETFLOW,M1_LogisticRegression,85,0.6029539530842746
S4_Stream,NETFLOW,M2_XGBoost,85,0.6622406639004149
S4_Stream,NETFLOW,M3_IsolationForest,85,0.7071751777634131
S4_Stream,NETFLOW,M1_LogisticRegression,86,0.5739592559787422
S4_Stream,NETFLOW,M2_XGBoost,86,0.6728813559322034
S4_Stream,NETFLOW,M3_IsolationForest,86,0.700454840805718
S4_Stream,NETFLOW,M1_LogisticRegression,87,0.6003430531732419
S4_Stream,NETFLOW,M2_XGBoost,87,0.6755407653910149
S4_Stream,NETFLOW,M3_IsolationForest,87,0.7236758136566688
S4_Stream,NETFLOW,M1_LogisticRegression,88,0.6126582278481013
S4_Stream,NETFLOW,M2_XGBoost,88,0.6622516556291391
S4_Stream,NETFLOW,M3_IsolationForest,88,0.7138263665594855
S4_Stream,NETFLOW,M1_LogisticRegression,89,0.6003521126760564
S4_Stream,NETFLOW,M2_XGBoost,89,0.6427350427350428
S4_Stream,NETFLOW,M3_IsolationForest,89,0.6987638256343527
S4_Stream,NETFLOW,M1_LogisticRegression,90,0.6400693842150911
S4_Stream,NETFLOW,M2_XGBoost,90,0.6946502057613169
S4_Stream,NETFLOW,M3_IsolationForest,90,0.7154784842646115
S4_Stream,NETFLOW,M1_LogisticRegression,91,0.5901926444833625
S4_Stream,NETFLOW,M2_XGBoost,91,0.684640522875817
S4_Stream,NETFLOW,M3_IsolationForest,91,0.7325728770595691
S4_Stream,NETFLOW,M1_LogisticRegression,92,0.5910290237467019
S4_Stream,NETFLOW,M2_XGBoost,92,0.6661031276415892
S4_Stream,NETFLOW,M3_IsolationForest,92,0.6987638256343527
S4_Stream,NETFLOW,M1_LogisticRegression,93,0.6243386243386243
S4_Stream,NETFLOW,M2_XGBoost,93,0.6761506276150627
S4_Stream,NETFLOW,M3_IsolationForest,93,0.7021414665801428
S4_Stream,NETFLOW,M1_LogisticRegression,94,0.5780553077609277
S4_Stream,NETFLOW,M2_XGBoost,94,0.6672428694900605
S4_Stream,NETFLOW,M3_IsolationForest,94,0.6893840104849279
S4_Stream,NETFLOW,M1_LogisticRegression,95,0.5906735751295337
S4_Stream,NETFLOW,M2_XGBoost,95,0.6672428694900605
S4_Stream,NETFLOW,M3_IsolationForest,95,0.7038237200259235
S4_Stream,NETFLOW,M1_LogisticRegression,96,0.5906735751295337
S4_Stream,NETFLOW,M2_XGBoost,96,0.6549707602339181
S4_Stream,NETFLOW,M3_IsolationForest,96,0.7187700192184497
S4_Stream,NETFLOW,M1_LogisticRegression,97,0.5986038394415357
S4_Stream,NETFLOW,M2_XGBoost,97,0.6758620689655173
S4_Stream,NETFLOW,M3_IsolationForest,97,0.7088444157520981
S4_Stream,NETFLOW,M1_LogisticRegression,98,0.6361323155216285
S4_Stream,NETFLOW,M2_XGBoost,98,0.6710853355426678
S4_Stream,NETFLOW,M3_IsolationForest,98,0.7253027405991077
S4_Stream,NETFLOW,M1_LogisticRegression,99,0.6079447322970639
S4_Stream,NETFLOW,M2_XGBoost,99,0.6898263027295285
S4_Stream,NETFLOW,M3_IsolationForest,99,0.7138263665594855
S4_Stream,NETFLOW,M1_LogisticRegression,100,0.5850220264317181
S4_Stream,NETFLOW,M2_XGBoost,100,0.6608084358523726
S4_Stream,NETFLOW,M3_IsolationForest,100,0.6919555264879006
S4_Stream,NETFLOW,M1_LogisticRegression,101,0.5678119349005425
S4_Stream,NETFLOW,M2_XGBoost,101,0.658578856152513
S4_Stream,NETFLOW,M3_IsolationForest,101,0.6842105263157895
S4_Stream,NETFLOW,M1_LogisticRegression,102,0.6117440841367222
S4_Stream,NETFLOW,M2_XGBoost,102,0.6574633304572908
S4_Stream,NETFLOW,M3_IsolationForest,102,0.6987638256343527
S4_Stream,NETFLOW,M1_LogisticRegression,103,0.6046114432109309
S4_Stream,NETFLOW,M2_XGBoost,103,0.6842539159109645
S4_Stream,NETFLOW,M3_IsolationForest,103,0.7220447284345048
S4_Stream,NETFLOW,M1_LogisticRegression,104,0.5674255691768827
S4_Stream,NETFLOW,M2_XGBoost,104,0.6621160409556314
S4_Stream,NETFLOW,M3_IsolationForest,104,0.7029831387808041
S4_Stream,NETFLOW,M1_LogisticRegression,105,0.6131004366812227
S4_Stream,NETFLOW,M2_XGBoost,105,0.6551440329218107
S4_Stream,NETFLOW,M3_IsolationForest,105,0.7244897959183674
S4_Stream,NETFLOW,M1_LogisticRegression,106,0.627318718381113
S4_Stream,NETFLOW,M2_XGBoost,106,0.6917922948073701
S4_Stream,NETFLOW,M3_IsolationForest,106,0.7204094689699296
S4_Stream,NETFLOW,M1_LogisticRegression,107,0.579225352112676
S4_Stream,NETFLOW,M2_XGBoost,107,0.6666666666666666
S4_Stream,NETFLOW,M3_IsolationForest,107,0.7012987012987013
S4_Stream,NETFLOW,M1_LogisticRegression,108,0.6078098471986417
S4_Stream,NETFLOW,M2_XGBoost,108,0.6935086277732129
S4_Stream,NETFLOW,M3_IsolationForest,108,0.7261146496815286
S4_Stream,NETFLOW,M1_LogisticRegression,109,0.6251082251082251
S4_Stream,NETFLOW,M2_XGBoost,109,0.6466552315608919
S4_Stream,NETFLOW,M3_IsolationForest,109,0.7071751777634131
S4_Stream,NETFLOW,M1_LogisticRegression,110,0.5719424460431655
S4_Stream,NETFLOW,M2_XGBoost,110,0.655793991416309
S4_Stream,NETFLOW,M3_IsolationForest,110,0.7021414665801428
S4_Stream,NETFLOW,M1_LogisticRegression,111,0.6059544658493871
S4_Stream,NETFLOW,M2_XGBoost,111,0.6542372881355932
S4_Stream,NETFLOW,M3_IsolationForest,111,0.7012987012987013
S4_Stream,NETFLOW,M1_LogisticRegression,112,0.5842696629213483
S4_Stream,NETFLOW,M2_XGBoost,112,0.6871880199667221
S4_Stream,NETFLOW,M3_IsolationForest,112,0.7154784842646115
S4_Stream,NETFLOW,M1_LogisticRegression,113,0.576544315129812
S4_Stream,NETFLOW,M2_XGBoost,113,0.6712095400340715
S4_Stream,NETFLOW,M3_IsolationForest,113,0.6970684039087948
S4_Stream,NETFLOW,M1_LogisticRegression,114,0.5658709106984969
S4_Stream,NETFLOW,M2_XGBoost,114,0.646551724137931
S4_Stream,NETFLOW,M3_IsolationForest,114,0.6970684039087948
S4_Stream,NETFLOW,M1_LogisticRegression,115,0.6147260273972602
S4_Stream,NETFLOW,M2_XGBoost,115,0.6706792777300086
S4_Stream,NETFLOW,M3_IsolationForest,115,0.7055016181229773
S4_Stream,NETFLOW,M1_LogisticRegression,116,0.6056338028169014
S4_Stream,NETFLOW,M2_XGBoost,116,0.6475063398140322
S4_Stream,NETFLOW,M3_IsolationForest,116,0.7088444157520981
S4_Stream,NETFLOW,M1_LogisticRegression,117,0.5805309734513274
S4_Stream,NETFLOW,M2_XGBoost,117,0.673469387755102
S4_Stream,NETFLOW,M3_IsolationForest,117,0.7046632124352331
S4_Stream,NETFLOW,M1_LogisticRegression,118,0.6036363636363636
S4_Stream,NETFLOW,M2_XGBoost,118,0.672428694900605
S4_Stream,NETFLOW,M3_IsolationForest,118,0.6919555264879006
S4_Stream,NETFLOW,M1_LogisticRegression,119,0.6121057118499573
S4_Stream,NETFLOW,M2_XGBoost,119,0.66110183639399
S4_Stream,NETFLOW,M3_IsolationForest,119,0.712998712998713
S4_Stream,NETFLOW,M1_LogisticRegression,120,0.6241496598639455
S4_Stream,NETFLOW,M2_XGBoost,120,0.6672077922077922
S4_Stream,NETFLOW,M3_IsolationForest,120,0.7244897959183674
S4_Stream,NETFLOW,M1_LogisticRegression,121,0.5954063604240283
S4_Stream,NETFLOW,M2_XGBoost,121,0.6903973509933775
S4_Stream,NETFLOW,M3_IsolationForest,121,0.7146529562982005
S4_Stream,NETFLOW,M1_LogisticRegression,122,0.607725321888412
S4_Stream,NETFLOW,M2_XGBoost,122,0.656093489148581
S4_Stream,NETFLOW,M3_IsolationForest,122,0.7105093488072212
S4_Stream,NETFLOW,M1_LogisticRegression,123,0.6174496644295302
S4_Stream,NETFLOW,M2_XGBoost,123,0.6726238830219334
S4_Stream,NETFLOW,M3_IsolationForest,123,0.7373737373737373
S4_Stream,NETFLOW,M1_LogisticRegression,124,0.5782073813708261
S4_Stream,NETFLOW,M2_XGBoost,124,0.6626297577854672
S4_Stream,NETFLOW,M3_IsolationForest,124,0.6970684039087948
S4_Stream,NETFLOW,M1_LogisticRegression,125,0.6324786324786325
S4_Stream,NETFLOW,M2_XGBoost,125,0.6688796680497925
S4_Stream,NETFLOW,M3_IsolationForest,125,0.7195902688860435
S4_Stream,NETFLOW,M1_LogisticRegression,126,0.5813333333333334
S4_Stream,NETFLOW,M2_XGBoost,126,0.6740050804403048
S4_Stream,NETFLOW,M3_IsolationForest,126,0.7021414665801428
S4_Stream,NETFLOW,M1_LogisticRegression,127,0.6074201898188093
S4_Stream,NETFLOW,M2_XGBoost,127,0.6721311475409836
S4_Stream,NETFLOW,M3_IsolationForest,127,0.7269255251432208
S4_Stream,NETFLOW,M1_LogisticRegression,128,0.5933682373472949
S4_Stream,NETFLOW,M2_XGBoost,128,0.6616288832913518
S4_Stream,NETFLOW,M3_IsolationForest,128,0.7220447284345048
S4_Stream,NETFLOW,M1_LogisticRegression,129,0.5656742556917689
S4_Stream,NETFLOW,M2_XGBoost,129,0.6511627906976745
S4_Stream,NETFLOW,M3_IsolationForest,129,0.6807387862796834
S4_Stream,NETFLOW,M1_LogisticRegression,130,0.5886588658865887
S4_Stream,NETFLOW,M2_XGBoost,130,0.6610169491525424
S4_Stream,NETFLOW,M3_IsolationForest,130,0.6936642717178315
S4_Stream,NETFLOW,M1_LogisticRegression,131,0.5960034752389227
S4_Stream,NETFLOW,M2_XGBoost,131,0.6441821247892074
S4_Stream,NETFLOW,M3_IsolationForest,131,0.71216999356085
S4_Stream,NETFLOW,M1_LogisticRegression,132,0.5671378091872792
S4_Stream,NETFLOW,M2_XGBoost,132,0.686046511627907
S4_Stream,NETFLOW,M3_IsolationForest,132,0.7088444157520981
S4_Stream,NETFLOW,M1_LogisticRegression,133,0.5989672977624785
S4_Stream,NETFLOW,M2_XGBoost,133,0.6722408026755853
S4_Stream,NETFLOW,M3_IsolationForest,133,0.7055016181229773
S4_Stream,NETFLOW,M1_LogisticRegression,134,0.6060606060606061
S4_Stream,NETFLOW,M2_XGBoost,134,0.6715927750410509
S4_Stream,NETFLOW,M3_IsolationForest,134,0.722860791826309
S4_Stream,NETFLOW,M1_LogisticRegression,135,0.6238053866203301
S4_Stream,NETFLOW,M2_XGBoost,135,0.66553480475382
S4_Stream,NETFLOW,M3_IsolationForest,135,0.7096774193548387
S4_Stream,NETFLOW,M1_LogisticRegression,136,0.5989847715736041
S4_Stream,NETFLOW,M2_XGBoost,136,0.6744769874476988
S4_Stream,NETFLOW,M3_IsolationForest,136,0.711340206185567
S4_Stream,NETFLOW,M1_LogisticRegression,137,0.6071118820468343
S4_Stream,NETFLOW,M2_XGBoost,137,0.676320272572402
S4_Stream,NETFLOW,M3_IsolationForest,137,0.7096774193548387
S4_Stream,NETFLOW,M1_LogisticRegression,138,0.5980819529206626
S4_Stream,NETFLOW,M2_XGBoost,138,0.6906354515050167
S4_Stream,NETFLOW,M3_IsolationForest,138,0.7204094689699296
S4_Stream,NETFLOW,M1_LogisticRegression,139,0.6005132591958939
S4_Stream,NETFLOW,M2_XGBoost,139,0.6710963455149501
S4_Stream,NETFLOW,M3_IsolationForest,139,0.7269255251432208
S4_Stream,NETFLOW,M1_LogisticRegression,140,0.6096069868995633
S4_Stream,NETFLOW,M2_XGBoost,140,0.6762956669498725
S4_Stream,NETFLOW,M3_IsolationForest,140,0.7055016181229773
S4_Stream,NETFLOW,M1_LogisticRegression,141,0.6084701815038893
S4_Stream,NETFLOW,M2_XGBoost,141,0.6510416666666666
S4_Stream,NETFLOW,M3_IsolationForest,141,0.6936642717178315
S4_Stream,NETFLOW,M1_LogisticRegression,142,0.6486028789161727
S4_Stream,NETFLOW,M2_XGBoost,142,0.6903973509933775
S4_Stream,NETFLOW,M3_IsolationForest,142,0.727735368956743
S4_Stream,NETFLOW,M1_LogisticRegression,143,0.6156521739130435
S4_Stream,NETFLOW,M2_XGBoost,143,0.6432246998284734
S4_Stream,NETFLOW,M3_IsolationForest,143,0.6945169712793734
S4_Stream,NETFLOW,M1_LogisticRegression,144,0.6
S4_Stream,NETFLOW,M2_XGBoost,144,0.6644182124789207
S4_Stream,NETFLOW,M3_IsolationForest,144,0.6970684039087948
S4_Stream,NETFLOW,M1_LogisticRegression,145,0.6231155778894473
S4_Stream,NETFLOW,M2_XGBoost,145,0.6604255319148936
S4_Stream,NETFLOW,M3_IsolationForest,145,0.7088444157520981
S4_Stream,NETFLOW,M1_LogisticRegression,146,0.5801801801801801
S4_Stream,NETFLOW,M2_XGBoost,146,0.6431034482758621
S4_Stream,NETFLOW,M3_IsolationForest,146,0.6868023637557452
S4_Stream,NETFLOW,M1_LogisticRegression,147,0.5977796754910333
S4_Stream,NETFLOW,M2_XGBoost,147,0.6736334405144695
S4_Stream,NETFLOW,M3_IsolationForest,147,0.727735368956743
S4_Stream,NETFLOW,M1_LogisticRegression,148,0.5916230366492147
S4_Stream,NETFLOW,M2_XGBoost,148,0.6644462947543713
S4_Stream,NETFLOW,M3_IsolationForest,148,0.712998712998713
S4_Stream,NETFLOW,M1_LogisticRegression,149,0.6117850953206239
S4_Stream,NETFLOW,M2_XGBoost,149,0.6792763157894737
S4_Stream,NETFLOW,M3_IsolationForest,149,0.7187700192184497
S4_Stream,NETFLOW,M1_LogisticRegression,150,0.6025531914893617
S4_Stream,NETFLOW,M2_XGBoost,150,0.657190635451505
S4_Stream,NETFLOW,M3_IsolationForest,150,0.7309644670050761
S4_Stream,NETFLOW,M1_LogisticRegression,151,0.5721739130434783
S4_Stream,NETFLOW,M2_XGBoost,151,0.6723695466210436
S4_Stream,NETFLOW,M3_IsolationForest,151,0.7038237200259235
S4_Stream,NETFLOW,M1_LogisticRegression,152,0.5971978984238179
S4_Stream,NETFLOW,M2_XGBoost,152,0.680168776371308
S4_Stream,NETFLOW,M3_IsolationForest,152,0.712998712998713
S4_Stream,NETFLOW,M1_LogisticRegression,153,0.6532663316582915
S4_Stream,NETFLOW,M2_XGBoost,153,0.6560669456066945
S4_Stream,NETFLOW,M3_IsolationForest,153,0.7146529562982005
S4_Stream,NETFLOW,M1_LogisticRegression,154,0.5884413309982487
S4_Stream,NETFLOW,M2_XGBoost,154,0.640207075064711
S4_Stream,NETFLOW,M3_IsolationForest,154,0.6885245901639344
S4_Stream,NETFLOW,M1_LogisticRegression,155,0.5836985100788782
S4_Stream,NETFLOW,M2_XGBoost,155,0.6666666666666666
S4_Stream,NETFLOW,M3_IsolationForest,155,0.7038237200259235
S4_Stream,NETFLOW,M1_LogisticRegression,156,0.5836298932384342
S4_Stream,NETFLOW,M2_XGBoost,156,0.6447140381282496
S4_Stream,NETFLOW,M3_IsolationForest,156,0.695368558382257
S4_Stream,NETFLOW,M1_LogisticRegression,157,0.5973333333333334
S4_Stream,NETFLOW,M2_XGBoost,157,0.6778242677824268
S4_Stream,NETFLOW,M3_IsolationForest,157,0.7012987012987013
S4_Stream,NETFLOW,M1_LogisticRegression,158,0.5764809902740937
S4_Stream,NETFLOW,M2_XGBoost,158,0.6570702794242168
S4_Stream,NETFLOW,M3_IsolationForest,158,0.7146529562982005
S4_Stream,NETFLOW,M1_LogisticRegression,159,0.6327396098388465
S4_Stream,NETFLOW,M2_XGBoost,159,0.6871961102106969
S4_Stream,NETFLOW,M3_IsolationForest,159,0.727735368956743
S4_Stream,NETFLOW,M1_LogisticRegression,160,0.5980985306828004
S4_Stream,NETFLOW,M2_XGBoost,160,0.6794979079497908
S4_Stream,NETFLOW,M3_IsolationForest,160,0.717948717948718
S4_Stream,NETFLOW,M1_LogisticRegression,161,0.6067615658362989
S4_Stream,NETFLOW,M2_XGBoost,161,0.6860068259385665
S4_Stream,NETFLOW,M3_IsolationForest,161,0.6987638256343527
S4_Stream,NETFLOW,M1_LogisticRegression,162,0.5882352941176471
S4_Stream,NETFLOW,M2_XGBoost,162,0.6694987255734919
S4_Stream,NETFLOW,M3_IsolationForest,162,0.7046632124352331
S4_Stream,NETFLOW,M1_LogisticRegression,163,0.6060606060606061
S4_Stream,NETFLOW,M2_XGBoost,163,0.6711749788672866
S4_Stream,NETFLOW,M3_IsolationForest,163,0.6987638256343527
S4_Stream,NETFLOW,M1_LogisticRegression,164,0.6080273270708796
S4_Stream,NETFLOW,M2_XGBoost,164,0.6893687707641196
S4_Stream,NETFLOW,M3_IsolationForest,164,0.7317691819911224
S4_Stream,NETFLOW,M1_LogisticRegression,165,0.6110638297872341
S4_Stream,NETFLOW,M2_XGBoost,165,0.6877601998334721
S4_Stream,NETFLOW,M3_IsolationForest,165,0.727735368956743
S4_Stream,NETFLOW,M1_LogisticRegression,166,0.6270456503014643
S4_Stream,NETFLOW,M2_XGBoost,166,0.6771784232365146
S4_Stream,NETFLOW,M3_IsolationForest,166,0.7163029525032092
S4_Stream,NETFLOW,M1_LogisticRegression,167,0.5888689407540395
S4_Stream,NETFLOW,M2_XGBoost,167,0.6546080964685616
S4_Stream,NETFLOW,M3_IsolationForest,167,0.6919555264879006
S4_Stream,NETFLOW,M1_LogisticRegression,168,0.5893635571054926
S4_Stream,NETFLOW,M2_XGBoost,168,0.6678111587982832
S4_Stream,NETFLOW,M3_IsolationForest,168,0.6970684039087948
S4_Stream,NETFLOW,M1_LogisticRegression,169,0.6362068965517241
S4_Stream,NETFLOW,M2_XGBoost,169,0.7004991680532446
S4_Stream,NETFLOW,M3_IsolationForest,169,0.7253027405991077
S4_Stream,NETFLOW,M1_LogisticRegression,170,0.6040034812880766
S4_Stream,NETFLOW,M2_XGBoost,170,0.6813186813186813
S4_Stream,NETFLOW,M3_IsolationForest,170,0.717948717948718
S4_Stream,NETFLOW,M1_LogisticRegression,171,0.5906040268456376
S4_Stream,NETFLOW,M2_XGBoost,171,0.6911764705882353
S4_Stream,NETFLOW,M3_IsolationForest,171,0.722860791826309
S4_Stream,NETFLOW,M1_LogisticRegression,172,0.5845070422535211
S4_Stream,NETFLOW,M2_XGBoost,172,0.654300168634064
S4_Stream,NETFLOW,M3_IsolationForest,172,0.7138263665594855
S4_Stream,NETFLOW,M1_LogisticRegression,173,0.6084033613445378
S4_Stream,NETFLOW,M2_XGBoost,173,0.6551724137931034
S4_Stream,NETFLOW,M3_IsolationForest,173,0.7163029525032092
S4_Stream,NETFLOW,M1_LogisticRegression,174,0.6047700170357752
S4_Stream,NETFLOW,M2_XGBoost,174,0.6913372582001682
S4_Stream,NETFLOW,M3_IsolationForest,174,0.7154784842646115
S4_Stream,NETFLOW,M1_LogisticRegression,175,0.6151172893136403
S4_Stream,NETFLOW,M2_XGBoost,175,0.6726973684210527
S4_Stream,NETFLOW,M3_IsolationForest,175,0.7236758136566688
S4_Stream,NETFLOW,M1_LogisticRegression,176,0.5954063604240283
S4_Stream,NETFLOW,M2_XGBoost,176,0.6800334168755221
S4_Stream,NETFLOW,M3_IsolationForest,176,0.7021414665801428
S4_Stream,NETFLOW,M1_LogisticRegression,177,0.6197424892703862
S4_Stream,NETFLOW,M2_XGBoost,177,0.668918918918919
S4_Stream,NETFLOW,M3_IsolationForest,177,0.6979166666666666
S4_Stream,NETFLOW,M1_LogisticRegression,178,0.5991189427312775
S4_Stream,NETFLOW,M2_XGBoost,178,0.6626814688300597
S4_Stream,NETFLOW,M3_IsolationForest,178,0.7021414665801428
S4_Stream,NETFLOW,M1_LogisticRegression,179,0.611625947767481
S4_Stream,NETFLOW,M2_XGBoost,179,0.6820428336079077
S4_Stream,NETFLOW,M3_IsolationForest,179,0.7293519695044473
S4_Stream,NETFLOW,M1_LogisticRegression,180,0.5996533795493935
S4_Stream,NETFLOW,M2_XGBoost,180,0.671244635193133
S4_Stream,NETFLOW,M3_IsolationForest,180,0.7021414665801428
S4_Stream,NETFLOW,M1_LogisticRegression,181,0.6139455782312925
S4_Stream,NETFLOW,M2_XGBoost,181,0.6655629139072847
S4_Stream,NETFLOW,M3_IsolationForest,181,0.7096774193548387
S4_Stream,NETFLOW,M1_LogisticRegression,182,0.5998271391529818
S4_Stream,NETFLOW,M2_XGBoost,182,0.6917922948073701
S4_Stream,NETFLOW,M3_IsolationForest,182,0.7146529562982005
S4_Stream,NETFLOW,M1_LogisticRegression,183,0.5842105263157895
S4_Stream,NETFLOW,M2_XGBoost,183,0.6936708860759494
S4_Stream,NETFLOW,M3_IsolationForest,183,0.7038237200259235
S4_Stream,NETFLOW,M1_LogisticRegression,184,0.5747330960854092
S4_Stream,NETFLOW,M2_XGBoost,184,0.6522864538395168
S4_Stream,NETFLOW,M3_IsolationForest,184,0.7046632124352331
S4_Stream,NETFLOW,M1_LogisticRegression,185,0.5993091537132987
S4_Stream,NETFLOW,M2_XGBoost,185,0.6838602329450915
S4_Stream,NETFLOW,M3_IsolationForest,185,0.7195902688860435
S4_Stream,NETFLOW,M1_LogisticRegression,186,0.5907473309608541
S4_Stream,NETFLOW,M2_XGBoost,186,0.6622516556291391
S4_Stream,NETFLOW,M3_IsolationForest,186,0.7163029525032092
S4_Stream,NETFLOW,M1_LogisticRegression,187,0.6070175438596491
S4_Stream,NETFLOW,M2_XGBoost,187,0.6864406779661016
S4_Stream,NETFLOW,M3_IsolationForest,187,0.7055016181229773
S4_Stream,NETFLOW,M1_LogisticRegression,188,0.6072374227714034
S4_Stream,NETFLOW,M2_XGBoost,188,0.6792777300085985
S4_Stream,NETFLOW,M3_IsolationForest,188,0.7012987012987013
S4_Stream,NETFLOW,M1_LogisticRegression,189,0.5982456140350877
S4_Stream,NETFLOW,M2_XGBoost,189,0.7105052125100241
S4_Stream,NETFLOW,M3_IsolationForest,189,0.7317691819911224
S4_Stream,NETFLOW,M1_LogisticRegression,190,0.5971479500891266
S4_Stream,NETFLOW,M2_XGBoost,190,0.6281714785651793
S4_Stream,NETFLOW,M3_IsolationForest,190,0.6910994764397905
S4_Stream,NETFLOW,M1_LogisticRegression,191,0.5961538461538461
S4_Stream,NETFLOW,M2_XGBoost,191,0.6829268292682927
S4_Stream,NETFLOW,M3_IsolationForest,191,0.7055016181229773
S4_Stream,NETFLOW,M1_LogisticRegression,192,0.6106870229007634
S4_Stream,NETFLOW,M2_XGBoost,192,0.7127024722932651
S4_Stream,NETFLOW,M3_IsolationForest,192,0.722860791826309
S4_Stream,NETFLOW,M1_LogisticRegression,193,0.6121372031662269
S4_Stream,NETFLOW,M2_XGBoost,193,0.6910714285714286
S4_Stream,NETFLOW,M3_IsolationForest,193,0.7029831387808041
S4_Stream,NETFLOW,M1_LogisticRegression,194,0.6145833333333334
S4_Stream,NETFLOW,M2_XGBoost,194,0.6836108676599474
S4_Stream,NETFLOW,M3_IsolationForest,194,0.7096774193548387
S4_Stream,NETFLOW,M1_LogisticRegression,195,0.566873339238264
S4_Stream,NETFLOW,M2_XGBoost,195,0.6789473684210526
S4_Stream,NETFLOW,M3_IsolationForest,195,0.7096774193548387
S4_Stream,NETFLOW,M1_LogisticRegression,196,0.5913793103448276
S4_Stream,NETFLOW,M2_XGBoost,196,0.6848381601362862
S4_Stream,NETFLOW,M3_IsolationForest,196,0.739760554505356
S4_Stream,NETFLOW,M1_LogisticRegression,197,0.6219512195121951
S4_Stream,NETFLOW,M2_XGBoost,197,0.6672678088367899
S4_Stream,NETFLOW,M3_IsolationForest,197,0.717948717948718
S4_Stream,NETFLOW,M1_LogisticRegression,198,0.5936952714535902
S4_Stream,NETFLOW,M2_XGBoost,198,0.6915077989601387
S4_Stream,NETFLOW,M3_IsolationForest,198,0.71216999356085
S4_Stream,NETFLOW,M1_LogisticRegression,199,0.6044905008635578
S4_Stream,NETFLOW,M2_XGBoost,199,0.6724436741767764
S4_Stream,NETFLOW,M3_IsolationForest,199,0.7212276214833759
S4_Stream,NETFLOW,M1_LogisticRegression,200,0.6149870801033591
S4_Stream,NETFLOW,M2_XGBoost,200,0.6689834926151172
S4_Stream,NETFLOW,M3_IsolationForest,200,0.7105093488072212
S4_Stream,NETFLOW,M1_LogisticRegression,201,0.635593220338983
S4_Stream,NETFLOW,M2_XGBoost,201,0.6838931955211025
S4_Stream,NETFLOW,M3_IsolationForest,201,0.727735368956743
S4_Stream,NETFLOW,M1_LogisticRegression,202,0.5877114870881567
S4_Stream,NETFLOW,M2_XGBoost,202,0.6701570680628273
S4_Stream,NETFLOW,M3_IsolationForest,202,0.7038237200259235
S4_Stream,NETFLOW,M1_LogisticRegression,203,0.6069906223358909
S4_Stream,NETFLOW,M2_XGBoost,203,0.703672075149445
S4_Stream,NETFLOW,M3_IsolationForest,203,0.7261146496815286
S4_Stream,NETFLOW,M1_LogisticRegression,204,0.6212765957446809
S4_Stream,NETFLOW,M2_XGBoost,204,0.6873385012919897
S4_Stream,NETFLOW,M3_IsolationForest,204,0.7195902688860435
S4_Stream,NETFLOW,M1_LogisticRegression,205,0.609375
S4_Stream,NETFLOW,M2_XGBoost,205,0.6763110307414105
S4_Stream,NETFLOW,M3_IsolationForest,205,0.695368558382257
S4_Stream,NETFLOW,M1_LogisticRegression,206,0.596551724137931
S4_Stream,NETFLOW,M2_XGBoost,206,0.6876640419947506
S4_Stream,NETFLOW,M3_IsolationForest,206,0.7063389391979301
S4_Stream,NETFLOW,M1_LogisticRegression,207,0.6196943972835314
S4_Stream,NETFLOW,M2_XGBoost,207,0.6603448275862069
S4_Stream,NETFLOW,M3_IsolationForest,207,0.7171263630532393
S4_Stream,NETFLOW,M1_LogisticRegression,208,0.6340640809443507
S4_Stream,NETFLOW,M2_XGBoost,208,0.6815068493150684
S4_Stream,NETFLOW,M3_IsolationForest,208,0.7195902688860435
S4_Stream,NETFLOW,M1_LogisticRegression,209,0.5913978494623656
S4_Stream,NETFLOW,M2_XGBoost,209,0.6572187776793623
S4_Stream,NETFLOW,M3_IsolationForest,209,0.6996098829648895
S4_Stream,NETFLOW,M1_LogisticRegression,210,0.5988125530110263
S4_Stream,NETFLOW,M2_XGBoost,210,0.6902356902356902
S4_Stream,NETFLOW,M3_IsolationForest,210,0.7269255251432208
S4_Stream,NETFLOW,M1_LogisticRegression,211,0.5839285714285715
S4_Stream,NETFLOW,M2_XGBoost,211,0.6707855251544572
S4_Stream,NETFLOW,M3_IsolationForest,211,0.7055016181229773
S4_Stream,NETFLOW,M1_LogisticRegression,212,0.5962399283795882
S4_Stream,NETFLOW,M2_XGBoost,212,0.6713906111603188
S4_Stream,NETFLOW,M3_IsolationForest,212,0.7021414665801428
S4_Stream,NETFLOW,M1_LogisticRegression,213,0.5823008849557522
S4_Stream,NETFLOW,M2_XGBoost,213,0.6887298747763864
S4_Stream,NETFLOW,M3_IsolationForest,213,0.700454840805718
S4_Stream,NETFLOW,M1_LogisticRegression,214,0.6061643835616438
S4_Stream,NETFLOW,M2_XGBoost,214,0.6632124352331606
S4_Stream,NETFLOW,M3_IsolationForest,214,0.727735368956743
S4_Stream,NETFLOW,M1_LogisticRegression,215,0.6114432109308283
S4_Stream,NETFLOW,M2_XGBoost,215,0.671943711521548
S4_Stream,NETFLOW,M3_IsolationForest,215,0.717948717948718
S4_Stream,NETFLOW,M1_LogisticRegression,216,0.6235606731620903
S4_Stream,NETFLOW,M2_XGBoost,216,0.6519043401240036
S4_Stream,NETFLOW,M3_IsolationForest,216,0.7195902688860435
S4_Stream,NETFLOW,M1_LogisticRegression,217,0.6261925411968777
S4_Stream,NETFLOW,M2_XGBoost,217,0.7009590235396687
S4_Stream,NETFLOW,M3_IsolationForest,217,0.7220447284345048
S4_Stream,NETFLOW,M1_LogisticRegression,218,0.5977410947002606
S4_Stream,NETFLOW,M2_XGBoost,218,0.6684350132625995
S4_Stream,NETFLOW,M3_IsolationForest,218,0.7012987012987013
S4_Stream,NETFLOW,M1_LogisticRegression,219,0.613013698630137
S4_Stream,NETFLOW,M2_XGBoost,219,0.6966490299823633
S4_Stream,NETFLOW,M3_IsolationForest,219,0.7088444157520981
S4_Stream,NETFLOW,M1_LogisticRegression,220,0.6115992970123023
S4_Stream,NETFLOW,M2_XGBoost,220,0.6510791366906474
S4_Stream,NETFLOW,M3_IsolationForest,220,0.7046632124352331
S4_Stream,NETFLOW,M1_LogisticRegression,221,0.5925282363162467
S4_Stream,NETFLOW,M2_XGBoost,221,0.6978354978354978
S4_Stream,NETFLOW,M3_IsolationForest,221,0.7154784842646115
S4_Stream,NETFLOW,M1_LogisticRegression,222,0.6068003487358327
S4_Stream,NETFLOW,M2_XGBoost,222,0.6801762114537445
S4_Stream,NETFLOW,M3_IsolationForest,222,0.7046632124352331
S4_Stream,NETFLOW,M1_LogisticRegression,223,0.5925925925925926
S4_Stream,NETFLOW,M2_XGBoost,223,0.6781193490054249
S4_Stream,NETFLOW,M3_IsolationForest,223,0.6979166666666666
S4_Stream,NETFLOW,M1_LogisticRegression,224,0.606418918918919
S4_Stream,NETFLOW,M2_XGBoost,224,0.7015177065767285
S4_Stream,NETFLOW,M3_IsolationForest,224,0.739760554505356
S4_Stream,NETFLOW,M1_LogisticRegression,225,0.594732370433305
S4_Stream,NETFLOW,M2_XGBoost,225,0.698961937716263
S4_Stream,NETFLOW,M3_IsolationForest,225,0.7187700192184497
S4_Stream,NETFLOW,M1_LogisticRegression,226,0.5670840787119857
S4_Stream,NETFLOW,M2_XGBoost,226,0.6867256637168142
S4_Stream,NETFLOW,M3_IsolationForest,226,0.7096774193548387
S4_Stream,NETFLOW,M1_LogisticRegression,227,0.631578947368421
S4_Stream,NETFLOW,M2_XGBoost,227,0.6690454950936664
S4_Stream,NETFLOW,M3_IsolationForest,227,0.7012987012987013
S4_Stream,NETFLOW,M1_LogisticRegression,228,0.6195744680851064
S4_Stream,NETFLOW,M2_XGBoost,228,0.6842553191489362
S4_Stream,NETFLOW,M3_IsolationForest,228,0.7333755541481951
S4_Stream,NETFLOW,M1_LogisticRegression,229,0.6006944444444444
S4_Stream,NETFLOW,M2_XGBoost,229,0.6774193548387096
S4_Stream,NETFLOW,M3_IsolationForest,229,0.7063389391979301
S4_Stream,NETFLOW,M1_LogisticRegression,230,0.6066012488849242
S4_Stream,NETFLOW,M2_XGBoost,230,0.6625111308993766
S4_Stream,NETFLOW,M3_IsolationForest,230,0.7038237200259235
S4_Stream,NETFLOW,M1_LogisticRegression,231,0.6003460207612457
S4_Stream,NETFLOW,M2_XGBoost,231,0.6769759450171822
S4_Stream,NETFLOW,M3_IsolationForest,231,0.7269255251432208
S4_Stream,NETFLOW,M1_LogisticRegression,232,0.6197916666666666
S4_Stream,NETFLOW,M2_XGBoost,232,0.6809269162210339
S4_Stream,NETFLOW,M3_IsolationForest,232,0.7046632124352331
S4_Stream,NETFLOW,M1_LogisticRegression,233,0.6086191732629728
S4_Stream,NETFLOW,M2_XGBoost,233,0.6606334841628959
S4_Stream,NETFLOW,M3_IsolationForest,233,0.6945169712793734
S4_Stream,NETFLOW,M1_LogisticRegression,234,0.6079295154185022
S4_Stream,NETFLOW,M2_XGBoost,234,0.6863084922010398
S4_Stream,NETFLOW,M3_IsolationForest,234,0.7146529562982005
S4_Stream,NETFLOW,M1_LogisticRegression,235,0.6073018699910953
S4_Stream,NETFLOW,M2_XGBoost,235,0.6696588868940754
S4_Stream,NETFLOW,M3_IsolationForest,235,0.7105093488072212
S4_Stream,NETFLOW,M1_LogisticRegression,236,0.5795053003533569
S4_Stream,NETFLOW,M2_XGBoost,236,0.6630920464700626
S4_Stream,NETFLOW,M3_IsolationForest,236,0.7046632124352331
S4_Stream,NETFLOW,M1_LogisticRegression,237,0.5921985815602837
S4_Stream,NETFLOW,M2_XGBoost,237,0.6859142607174104
S4_Stream,NETFLOW,M3_IsolationForest,237,0.7080103359173127
S4_Stream,NETFLOW,M1_LogisticRegression,238,0.5683060109289617
S4_Stream,NETFLOW,M2_XGBoost,238,0.6531738730450782
S4_Stream,NETFLOW,M3_IsolationForest,238,0.6945169712793734
S4_Stream,NETFLOW,M1_LogisticRegression,239,0.5920138888888888
S4_Stream,NETFLOW,M2_XGBoost,239,0.6779661016949152
S4_Stream,NETFLOW,M3_IsolationForest,239,0.7138263665594855
S4_Stream,NETFLOW,M1_LogisticRegression,240,0.611541774332472
S4_Stream,NETFLOW,M2_XGBoost,240,0.6683893195521102
S4_Stream,NETFLOW,M3_IsolationForest,240,0.7154784842646115
S4_Stream,NETFLOW,M1_LogisticRegression,241,0.5857519788918206
S4_Stream,NETFLOW,M2_XGBoost,241,0.6794425087108014
S4_Stream,NETFLOW,M3_IsolationForest,241,0.7096774193548387
S4_Stream,NETFLOW,M1_LogisticRegression,242,0.5966460723742277
S4_Stream,NETFLOW,M2_XGBoost,242,0.64376130198915
S4_Stream,NETFLOW,M3_IsolationForest,242,0.6996098829648895
S4_Stream,NETFLOW,M1_LogisticRegression,243,0.6255355612682091
S4_Stream,NETFLOW,M2_XGBoost,243,0.6492805755395683
S4_Stream,NETFLOW,M3_IsolationForest,243,0.6876640419947506
S4_Stream,NETFLOW,M1_LogisticRegression,244,0.6119133574007221
S4_Stream,NETFLOW,M2_XGBoost,244,0.6684636118598383
S4_Stream,NETFLOW,M3_IsolationForest,244,0.7071751777634131
S4_Stream,NETFLOW,M1_LogisticRegression,245,0.5857664233576643
S4_Stream,NETFLOW,M2_XGBoost,245,0.6617375231053605
S4_Stream,NETFLOW,M3_IsolationForest,245,0.6893840104849279
S4_Stream,NETFLOW,M1_LogisticRegression,246,0.6028368794326241
S4_Stream,NETFLOW,M2_XGBoost,246,0.6660600545950864
S4_Stream,NETFLOW,M3_IsolationForest,246,0.6979166666666666
S4_Stream,NETFLOW,M1_LogisticRegression,247,0.5859305431878896
S4_Stream,NETFLOW,M2_XGBoost,247,0.6811201445347786
S4_Stream,NETFLOW,M3_IsolationForest,247,0.7088444157520981
S4_Stream,NETFLOW,M1_LogisticRegression,248,0.5628847845206685
S4_Stream,NETFLOW,M2_XGBoost,248,0.644343891402715
S4_Stream,NETFLOW,M3_IsolationForest,248,0.7012987012987013
S4_Stream,NETFLOW,M1_LogisticRegression,249,0.6046915725456126
S4_Stream,NETFLOW,M2_XGBoost,249,0.6731793960923623
S4_Stream,NETFLOW,M3_IsolationForest,249,0.712998712998713
S4_Stream,NETFLOW,M1_LogisticRegression,250,0.6253275109170305
S4_Stream,NETFLOW,M2_XGBoost,250,0.6798917944093779
S4_Stream,NETFLOW,M3_IsolationForest,250,0.6962190352020861
S4_Stream,NETFLOW,M1_LogisticRegression,251,0.596830985915493
S4_Stream,NETFLOW,M2_XGBoost,251,0.6672613737734165
S4_Stream,NETFLOW,M3_IsolationForest,251,0.7105093488072212
S4_Stream,NETFLOW,M1_LogisticRegression,252,0.6177739430543572
S4_Stream,NETFLOW,M2_XGBoost,252,0.6847335140018067
S4_Stream,NETFLOW,M3_IsolationForest,252,0.7021414665801428
S4_Stream,NETFLOW,M1_LogisticRegression,253,0.6095406360424028
S4_Stream,NETFLOW,M2_XGBoost,253,0.6607142857142857
S4_Stream,NETFLOW,M3_IsolationForest,253,0.695368558382257
S4_Stream,NETFLOW,M1_LogisticRegression,254,0.6
S4_Stream,NETFLOW,M2_XGBoost,254,0.6968641114982579
S4_Stream,NETFLOW,M3_IsolationForest,254,0.7071751777634131
S4_Stream,NETFLOW,M1_LogisticRegression,255,0.5937777777777777
S4_Stream,NETFLOW,M2_XGBoost,255,0.6768128916741272
S4_Stream,NETFLOW,M3_IsolationForest,255,0.6936642717178315
S4_Stream,NETFLOW,M1_LogisticRegression,256,0.5935030728709394
S4_Stream,NETFLOW,M2_XGBoost,256,0.6890909090909091
S4_Stream,NETFLOW,M3_IsolationForest,256,0.6833443054641212
S4_Stream,NETFLOW,M1_LogisticRegression,257,0.5837742504409171
S4_Stream,NETFLOW,M2_XGBoost,257,0.6880570409982175
S4_Stream,NETFLOW,M3_IsolationForest,257,0.7080103359173127
S4_Stream,NETFLOW,M1_LogisticRegression,258,0.6263829787234042
S4_Stream,NETFLOW,M2_XGBoost,258,0.6900085397096499
S4_Stream,NETFLOW,M3_IsolationForest,258,0.7195902688860435
S4_Stream,NETFLOW,M1_LogisticRegression,259,0.6231505657093125
S4_Stream,NETFLOW,M2_XGBoost,259,0.6836108676599474
S4_Stream,NETFLOW,M3_IsolationForest,259,0.71216999356085
S4_Stream,NETFLOW,M1_LogisticRegression,260,0.5797872340425532
S4_Stream,NETFLOW,M2_XGBoost,260,0.6702898550724637
S4_Stream,NETFLOW,M3_IsolationForest,260,0.6936642717178315
S4_Stream,NETFLOW,M1_LogisticRegression,261,0.6216216216216216
S4_Stream,NETFLOW,M2_XGBoost,261,0.6936026936026936
S4_Stream,NETFLOW,M3_IsolationForest,261,0.7445072190834903
S4_Stream,NETFLOW,M1_LogisticRegression,262,0.6160635481023831
S4_Stream,NETFLOW,M2_XGBoost,262,0.6660714285714285
S4_Stream,NETFLOW,M3_IsolationForest,262,0.7096774193548387
S4_Stream,NETFLOW,M1_LogisticRegression,263,0.6276150627615062
S4_Stream,NETFLOW,M2_XGBoost,263,0.6848381601362862
S4_Stream,NETFLOW,M3_IsolationForest,263,0.7285441830896376
S4_Stream,NETFLOW,M1_LogisticRegression,264,0.5774647887323944
S4_Stream,NETFLOW,M2_XGBoost,264,0.6553267681289168
S4_Stream,NETFLOW,M3_IsolationForest,264,0.6970684039087948
S4_Stream,NETFLOW,M1_LogisticRegression,265,0.6008510638297873
S4_Stream,NETFLOW,M2_XGBoost,265,0.6851211072664359
S4_Stream,NETFLOW,M3_IsolationForest,265,0.7212276214833759
S4_Stream,NETFLOW,M1_LogisticRegression,266,0.6204013377926422
S4_Stream,NETFLOW,M2_XGBoost,266,0.6762956669498725
S4_Stream,NETFLOW,M3_IsolationForest,266,0.727735368956743
S4_Stream,NETFLOW,M1_LogisticRegression,267,0.5878136200716846
S4_Stream,NETFLOW,M2_XGBoost,267,0.6690777576853526
S4_Stream,NETFLOW,M3_IsolationForest,267,0.6945169712793734
S4_Stream,NETFLOW,M1_LogisticRegression,268,0.627677100494234
S4_Stream,NETFLOW,M2_XGBoost,268,0.7011494252873564
S4_Stream,NETFLOW,M3_IsolationForest,268,0.7460815047021944
S4_Stream,NETFLOW,M1_LogisticRegression,269,0.5884476534296029
S4_Stream,NETFLOW,M2_XGBoost,269,0.657608695652174
S4_Stream,NETFLOW,M3_IsolationForest,269,0.6868023637557452
S4_Stream,NETFLOW,M1_LogisticRegression,270,0.6151172893136403
S4_Stream,NETFLOW,M2_XGBoost,270,0.6826758147512865
S4_Stream,NETFLOW,M3_IsolationForest,270,0.7146529562982005
S4_Stream,NETFLOW,M1_LogisticRegression,271,0.5796064400715564
S4_Stream,NETFLOW,M2_XGBoost,271,0.6738544474393531
S4_Stream,NETFLOW,M3_IsolationForest,271,0.7012987012987013
S4_Stream,NETFLOW,M1_LogisticRegression,272,0.6292517006802721
S4_Stream,NETFLOW,M2_XGBoost,272,0.6926333615580017
S4_Stream,NETFLOW,M3_IsolationForest,272,0.7357774968394437
S4_Stream,NETFLOW,M1_LogisticRegression,273,0.617968094038623
S4_Stream,NETFLOW,M2_XGBoost,273,0.7074601844090528
S4_Stream,NETFLOW,M3_IsolationForest,273,0.7357774968394437
S4_Stream,NETFLOW,M1_LogisticRegression,274,0.6126279863481229
S4_Stream,NETFLOW,M2_XGBoost,274,0.6812785388127854
S4_Stream,NETFLOW,M3_IsolationForest,274,0.7021414665801428
S4_Stream,NETFLOW,M1_LogisticRegression,275,0.5974025974025974
S4_Stream,NETFLOW,M2_XGBoost,275,0.684811237928007
S4_Stream,NETFLOW,M3_IsolationForest,275,0.7046632124352331
S4_Stream,NETFLOW,M1_LogisticRegression,276,0.5963060686015831
S4_Stream,NETFLOW,M2_XGBoost,276,0.6618834080717488
S4_Stream,NETFLOW,M3_IsolationForest,276,0.6928104575163399
S4_Stream,NETFLOW,M1_LogisticRegression,277,0.5679442508710801
S4_Stream,NETFLOW,M2_XGBoost,277,0.6758383490971626
S4_Stream,NETFLOW,M3_IsolationForest,277,0.7071751777634131
S4_Stream,NETFLOW,M1_LogisticRegression,278,0.5787610619469027
S4_Stream,NETFLOW,M2_XGBoost,278,0.6535008976660682
S4_Stream,NETFLOW,M3_IsolationForest,278,0.6945169712793734
S4_Stream,NETFLOW,M1_LogisticRegression,279,0.6212251941328731
S4_Stream,NETFLOW,M2_XGBoost,279,0.6557377049180327
S4_Stream,NETFLOW,M3_IsolationForest,279,0.7253027405991077
S4_Stream,NETFLOW,M1_LogisticRegression,280,0.653232577665827
S4_Stream,NETFLOW,M2_XGBoost,280,0.684654300168634
S4_Stream,NETFLOW,M3_IsolationForest,280,0.7357774968394437
S4_Stream,NETFLOW,M1_LogisticRegression,281,0.5963382737576286
S4_Stream,NETFLOW,M2_XGBoost,281,0.6702033598585323
S4_Stream,NETFLOW,M3_IsolationForest,281,0.7204094689699296
S4_Stream,NETFLOW,M1_LogisticRegression,282,0.6240276577355229
S4_Stream,NETFLOW,M2_XGBoost,282,0.7084745762711865
S4_Stream,NETFLOW,M3_IsolationForest,282,0.7317691819911224
S4_Stream,NETFLOW,M1_LogisticRegression,283,0.5991266375545852
S4_Stream,NETFLOW,M2_XGBoost,283,0.6631205673758865
S4_Stream,NETFLOW,M3_IsolationForest,283,0.712998712998713
S4_Stream,NETFLOW,M1_LogisticRegression,284,0.5896980461811723
S4_Stream,NETFLOW,M2_XGBoost,284,0.6648501362397821
S4_Stream,NETFLOW,M3_IsolationForest,284,0.6987638256343527
S4_Stream,NETFLOW,M1_LogisticRegression,285,0.6209887250650477
S4_Stream,NETFLOW,M2_XGBoost,285,0.6780529461998293
S4_Stream,NETFLOW,M3_IsolationForest,285,0.7244897959183674
S4_Stream,NETFLOW,M1_LogisticRegression,286,0.5918367346938775
S4_Stream,NETFLOW,M2_XGBoost,286,0.7019641332194705
S4_Stream,NETFLOW,M3_IsolationForest,286,0.7187700192184497
S4_Stream,NETFLOW,M1_LogisticRegression,287,0.6142001710863987
S4_Stream,NETFLOW,M2_XGBoost,287,0.6530973451327433
S4_Stream,NETFLOW,M3_IsolationForest,287,0.7212276214833759
S4_Stream,NETFLOW,M1_LogisticRegression,288,0.6306156405990017
S4_Stream,NETFLOW,M2_XGBoost,288,0.6856663872590109
S4_Stream,NETFLOW,M3_IsolationForest,288,0.7405541561712846
S4_Stream,NETFLOW,M1_LogisticRegression,289,0.5993091537132987
S4_Stream,NETFLOW,M2_XGBoost,289,0.6800348735832606
S4_Stream,NETFLOW,M3_IsolationForest,289,0.7163029525032092
S4_Stream,NETFLOW,M1_LogisticRegression,290,0.6102564102564103
S4_Stream,NETFLOW,M2_XGBoost,290,0.6801051709027169
S4_Stream,NETFLOW,M3_IsolationForest,290,0.7096774193548387
S4_Stream,NETFLOW,M1_LogisticRegression,291,0.6122792262405383
S4_Stream,NETFLOW,M2_XGBoost,291,0.7023411371237458
S4_Stream,NETFLOW,M3_IsolationForest,291,0.7261146496815286
S4_Stream,NETFLOW,M1_LogisticRegression,292,0.5754633715798765
S4_Stream,NETFLOW,M2_XGBoost,292,0.65
S4_Stream,NETFLOW,M3_IsolationForest,292,0.6945169712793734
S4_Stream,NETFLOW,M1_LogisticRegression,293,0.6254237288135593
S4_Stream,NETFLOW,M2_XGBoost,293,0.6672443674176777
S4_Stream,NETFLOW,M3_IsolationForest,293,0.7269255251432208
S4_Stream,NETFLOW,M1_LogisticRegression,294,0.5996592844974447
S4_Stream,NETFLOW,M2_XGBoost,294,0.6988783433994823
S4_Stream,NETFLOW,M3_IsolationForest,294,0.7244897959183674
S4_Stream,NETFLOW,M1_LogisticRegression,295,0.5829675153643546
S4_Stream,NETFLOW,M2_XGBoost,295,0.6678765880217786
S4_Stream,NETFLOW,M3_IsolationForest,295,0.700454840805718
S4_Stream,NETFLOW,M1_LogisticRegression,296,0.5879265091863517
S4_Stream,NETFLOW,M2_XGBoost,296,0.6654835847382431
S4_Stream,NETFLOW,M3_IsolationForest,296,0.7063389391979301
S4_Stream,NETFLOW,M1_LogisticRegression,297,0.6172413793103448
S4_Stream,NETFLOW,M2_XGBoost,297,0.7008695652173913
S4_Stream,NETFLOW,M3_IsolationForest,297,0.7187700192184497
S4_Stream,NETFLOW,M1_LogisticRegression,298,0.6195462478184991
S4_Stream,NETFLOW,M2_XGBoost,298,0.6564195298372514
S4_Stream,NETFLOW,M3_IsolationForest,298,0.6970684039087948
S4_Stream,NETFLOW,M1_LogisticRegression,299,0.6230899830220713
S4_Stream,NETFLOW,M2_XGBoost,299,0.6707317073170732
S4_Stream,NETFLOW,M3_IsolationForest,299,0.7163029525032092
S4_Stream,NETFLOW,M1_LogisticRegression,300,0.576544315129812
S4_Stream,NETFLOW,M2_XGBoost,300,0.6745886654478976
S4_Stream,NETFLOW,M3_IsolationForest,300,0.6850756081525312
S4_Stream,NETFLOW,M1_LogisticRegression,301,0.6044444444444445
S4_Stream,NETFLOW,M2_XGBoost,301,0.6727107887579329
S4_Stream,NETFLOW,M3_IsolationForest,301,0.700454840805718
S4_Stream,NETFLOW,M1_LogisticRegression,302,0.6080717488789238
S4_Stream,NETFLOW,M2_XGBoost,302,0.6744815148782687
S4_Stream,NETFLOW,M3_IsolationForest,302,0.6798679867986799
S4_Stream,NETFLOW,M1_LogisticRegression,303,0.6045296167247387
S4_Stream,NETFLOW,M2_XGBoost,303,0.6946826758147513
S4_Stream,NETFLOW,M3_IsolationForest,303,0.71216999356085
S4_Stream,NETFLOW,M1_LogisticRegression,304,0.613896218117854
S4_Stream,NETFLOW,M2_XGBoost,304,0.6905594405594405
S4_Stream,NETFLOW,M3_IsolationForest,304,0.7138263665594855
S4_Stream,NETFLOW,M1_LogisticRegression,305,0.6006711409395973
S4_Stream,NETFLOW,M2_XGBoost,305,0.6834782608695652
S4_Stream,NETFLOW,M3_IsolationForest,305,0.7269255251432208
S4_Stream,NETFLOW,M1_LogisticRegression,306,0.5966460723742277
S4_Stream,NETFLOW,M2_XGBoost,306,0.6515679442508711
S4_Stream,NETFLOW,M3_IsolationForest,306,0.6970684039087948
S4_Stream,NETFLOW,M1_LogisticRegression,307,0.5925282363162467
S4_Stream,NETFLOW,M2_XGBoost,307,0.6618962432915921
S4_Stream,NETFLOW,M3_IsolationForest,307,0.7080103359173127
S4_Stream,NETFLOW,M1_LogisticRegression,308,0.5939914163090129
S4_Stream,NETFLOW,M2_XGBoost,308,0.687392055267703
S4_Stream,NETFLOW,M3_IsolationForest,308,0.7244897959183674
S4_Stream,NETFLOW,M1_LogisticRegression,309,0.5899025686448184
S4_Stream,NETFLOW,M2_XGBoost,309,0.6672582076308784
S4_Stream,NETFLOW,M3_IsolationForest,309,0.7080103359173127
S4_Stream,NETFLOW,M1_LogisticRegression,310,0.5879310344827586
S4_Stream,NETFLOW,M2_XGBoost,310,0.6903114186851211
S4_Stream,NETFLOW,M3_IsolationForest,310,0.71216999356085
S4_Stream,NETFLOW,M1_LogisticRegression,311,0.5924006908462867
S4_Stream,NETFLOW,M2_XGBoost,311,0.68416447944007
S4_Stream,NETFLOW,M3_IsolationForest,311,0.7080103359173127
S4_Stream,NETFLOW,M1_LogisticRegression,312,0.6501706484641638
S4_Stream,NETFLOW,M2_XGBoost,312,0.697754749568221
S4_Stream,NETFLOW,M3_IsolationForest,312,0.727735368956743
S4_Stream,NETFLOW,M1_LogisticRegression,313,0.6383701188455009
S4_Stream,NETFLOW,M2_XGBoost,313,0.6678445229681979
S4_Stream,NETFLOW,M3_IsolationForest,313,0.71216999356085
S4_Stream,NETFLOW,M1_LogisticRegression,314,0.6105263157894737
S4_Stream,NETFLOW,M2_XGBoost,314,0.676081200353045
S4_Stream,NETFLOW,M3_IsolationForest,314,0.7071751777634131
S4_Stream,NETFLOW,M1_LogisticRegression,315,0.5747538048343778
S4_Stream,NETFLOW,M2_XGBoost,315,0.6462646264626463
S4_Stream,NETFLOW,M3_IsolationForest,315,0.6945169712793734
S4_Stream,NETFLOW,M1_LogisticRegression,316,0.6089238845144357
S4_Stream,NETFLOW,M2_XGBoost,316,0.6890459363957597
S4_Stream,NETFLOW,M3_IsolationForest,316,0.7096774193548387
S4_Stream,NETFLOW,M1_LogisticRegression,317,0.6134239592183517
S4_Stream,NETFLOW,M2_XGBoost,317,0.6916043225270158
S4_Stream,NETFLOW,M3_IsolationForest,317,0.7293519695044473
S4_Stream,NETFLOW,M1_LogisticRegression,318,0.6174957118353345
S4_Stream,NETFLOW,M2_XGBoost,318,0.684622067767159
S4_Stream,NETFLOW,M3_IsolationForest,318,0.7146529562982005
S4_Stream,NETFLOW,M1_LogisticRegression,319,0.5789473684210527
S4_Stream,NETFLOW,M2_XGBoost,319,0.6842568161829375
S4_Stream,NETFLOW,M3_IsolationForest,319,0.7195902688860435
S4_Stream,NETFLOW,M1_LogisticRegression,320,0.582010582010582
S4_Stream,NETFLOW,M2_XGBoost,320,0.6596119929453262
S4_Stream,NETFLOW,M3_IsolationForest,320,0.7038237200259235
S4_Stream,NETFLOW,M1_LogisticRegression,321,0.5898538263112639
S4_Stream,NETFLOW,M2_XGBoost,321,0.6897717666948436
S4_Stream,NETFLOW,M3_IsolationForest,321,0.7171263630532393
S4_Stream,NETFLOW,M1_LogisticRegression,322,0.6055979643765903
S4_Stream,NETFLOW,M2_XGBoost,322,0.6882453151618398
S4_Stream,NETFLOW,M3_IsolationForest,322,0.7236758136566688
S4_Stream,NETFLOW,M1_LogisticRegression,323,0.5741710296684118
S4_Stream,NETFLOW,M2_XGBoost,323,0.6883802816901409
S4_Stream,NETFLOW,M3_IsolationForest,323,0.7105093488072212
S4_Stream,NETFLOW,M1_LogisticRegression,324,0.5905923344947736
S4_Stream,NETFLOW,M2_XGBoost,324,0.6517857142857143
S4_Stream,NETFLOW,M3_IsolationForest,324,0.7088444157520981
S4_Stream,NETFLOW,M1_LogisticRegression,325,0.613047363717605
S4_Stream,NETFLOW,M2_XGBoost,325,0.667262969588551
S4_Stream,NETFLOW,M3_IsolationForest,325,0.6962190352020861
S4_Stream,NETFLOW,M1_LogisticRegression,326,0.6033129904097646
S4_Stream,NETFLOW,M2_XGBoost,326,0.6858137510879025
S4_Stream,NETFLOW,M3_IsolationForest,326,0.7088444157520981
S4_Stream,NETFLOW,M1_LogisticRegression,327,0.6224934612031386
S4_Stream,NETFLOW,M2_XGBoost,327,0.6708185053380783
S4_Stream,NETFLOW,M3_IsolationForest,327,0.7021414665801428
S4_Stream,NETFLOW,M1_LogisticRegression,328,0.5946902654867257
S4_Stream,NETFLOW,M2_XGBoost,328,0.6808510638297872
S4_Stream,NETFLOW,M3_IsolationForest,328,0.6919555264879006
S4_Stream,NETFLOW,M1_LogisticRegression,329,0.6160483175150993
S4_Stream,NETFLOW,M2_XGBoost,329,0.6946107784431138
S4_Stream,NETFLOW,M3_IsolationForest,329,0.717948717948718
S4_Stream,NETFLOW,M1_LogisticRegression,330,0.588646288209607
S4_Stream,NETFLOW,M2_XGBoost,330,0.6684491978609626
S4_Stream,NETFLOW,M3_IsolationForest,330,0.7244897959183674
S4_Stream,NETFLOW,M1_LogisticRegression,331,0.6223358908780904
S4_Stream,NETFLOW,M2_XGBoost,331,0.6748466257668712
S4_Stream,NETFLOW,M3_IsolationForest,331,0.7261146496815286
S4_Stream,NETFLOW,M1_LogisticRegression,332,0.6005176876617774
S4_Stream,NETFLOW,M2_XGBoost,332,0.6984126984126984
S4_Stream,NETFLOW,M3_IsolationForest,332,0.7171263630532393
S4_Stream,NETFLOW,M1_LogisticRegression,333,0.5906382978723405
S4_Stream,NETFLOW,M2_XGBoost,333,0.6724137931034483
S4_Stream,NETFLOW,M3_IsolationForest,333,0.717948717948718
S4_Stream,NETFLOW,M1_LogisticRegression,334,0.6035398230088496
S4_Stream,NETFLOW,M2_XGBoost,334,0.6882882882882883
S4_Stream,NETFLOW,M3_IsolationForest,334,0.7012987012987013
S4_Stream,NETFLOW,M1_LogisticRegression,335,0.6207497820401047
S4_Stream,NETFLOW,M2_XGBoost,335,0.6568537258509659
S4_Stream,NETFLOW,M3_IsolationForest,335,0.6987638256343527
S4_Stream,NETFLOW,M1_LogisticRegression,336,0.5804701627486437
S4_Stream,NETFLOW,M2_XGBoost,336,0.6435733819507748
S4_Stream,NETFLOW,M3_IsolationForest,336,0.6833443054641212
S4_Stream,NETFLOW,M1_LogisticRegression,337,0.5747330960854092
S4_Stream,NETFLOW,M2_XGBoost,337,0.68
S4_Stream,NETFLOW,M3_IsolationForest,337,0.700454840805718
S4_Stream,NETFLOW,M1_LogisticRegression,338,0.591674047829938
S4_Stream,NETFLOW,M2_XGBoost,338,0.6974267968056788
S4_Stream,NETFLOW,M3_IsolationForest,338,0.7021414665801428
S4_Stream,NETFLOW,M1_LogisticRegression,339,0.5851528384279476
S4_Stream,NETFLOW,M2_XGBoost,339,0.6741963509991312
S4_Stream,NETFLOW,M3_IsolationForest,339,0.6996098829648895
S4_Stream,NETFLOW,M1_LogisticRegression,340,0.5636363636363636
S4_Stream,NETFLOW,M2_XGBoost,340,0.6557377049180327
S4_Stream,NETFLOW,M3_IsolationForest,340,0.6824769433465085
S4_Stream,NETFLOW,M1_LogisticRegression,341,0.6174724342663274
S4_Stream,NETFLOW,M2_XGBoost,341,0.6550825369244135
S4_Stream,NETFLOW,M3_IsolationForest,341,0.7187700192184497
S4_Stream,NETFLOW,M1_LogisticRegression,342,0.6377816291161178
S4_Stream,NETFLOW,M2_XGBoost,342,0.7095070422535211
S4_Stream,NETFLOW,M3_IsolationForest,342,0.7146529562982005
S4_Stream,NETFLOW,M1_LogisticRegression,343,0.5789014821272885
S4_Stream,NETFLOW,M2_XGBoost,343,0.6613756613756614
S4_Stream,NETFLOW,M3_IsolationForest,343,0.7187700192184497
S4_Stream,NETFLOW,M1_LogisticRegression,344,0.6424870466321243
S4_Stream,NETFLOW,M2_XGBoost,344,0.6803770351328192
S4_Stream,NETFLOW,M3_IsolationForest,344,0.7163029525032092
S4_Stream,NETFLOW,M1_LogisticRegression,345,0.5925266903914591
S4_Stream,NETFLOW,M2_XGBoost,345,0.6666666666666666
S4_Stream,NETFLOW,M3_IsolationForest,345,0.6996098829648895
S4_Stream,NETFLOW,M1_LogisticRegression,346,0.5903930131004367
S4_Stream,NETFLOW,M2_XGBoost,346,0.6732318710832588
S4_Stream,NETFLOW,M3_IsolationForest,346,0.7012987012987013
S4_Stream,NETFLOW,M1_LogisticRegression,347,0.6024305555555556
S4_Stream,NETFLOW,M2_XGBoost,347,0.6678476527900797
S4_Stream,NETFLOW,M3_IsolationForest,347,0.7055016181229773
S4_Stream,NETFLOW,M1_LogisticRegression,348,0.6108714408973253
S4_Stream,NETFLOW,M2_XGBoost,348,0.7206751054852321
S4_Stream,NETFLOW,M3_IsolationForest,348,0.7285441830896376
S4_Stream,NETFLOW,M1_LogisticRegression,349,0.6126582278481013
S4_Stream,NETFLOW,M2_XGBoost,349,0.7195945945945946
S4_Stream,NETFLOW,M3_IsolationForest,349,0.7437185929648241
S4_Stream,NETFLOW,M1_LogisticRegression,350,0.5989672977624785
S4_Stream,NETFLOW,M2_XGBoost,350,0.6702127659574468
S4_Stream,NETFLOW,M3_IsolationForest,350,0.7138263665594855
S4_Stream,NETFLOW,M1_LogisticRegression,351,0.5894736842105263
S4_Stream,NETFLOW,M2_XGBoost,351,0.6797274275979557
S4_Stream,NETFLOW,M3_IsolationForest,351,0.7293519695044473
S4_Stream,NETFLOW,M1_LogisticRegression,352,0.6028547439126785
S4_Stream,NETFLOW,M2_XGBoost,352,0.6816608996539792
S4_Stream,NETFLOW,M3_IsolationForest,352,0.7195902688860435
S4_Stream,NETFLOW,M1_LogisticRegression,353,0.6251082251082251
S4_Stream,NETFLOW,M2_XGBoost,353,0.6713656387665198
S4_Stream,NETFLOW,M3_IsolationForest,353,0.717948717948718
S4_Stream,NETFLOW,M1_LogisticRegression,354,0.5898778359511344
S4_Stream,NETFLOW,M2_XGBoost,354,0.6649076517150396
S4_Stream,NETFLOW,M3_IsolationForest,354,0.7012987012987013
S4_Stream,NETFLOW,M1_LogisticRegression,355,0.6379746835443038
S4_Stream,NETFLOW,M2_XGBoost,355,0.6793431287813311
S4_Stream,NETFLOW,M3_IsolationForest,355,0.712998712998713
S4_Stream,NETFLOW,M1_LogisticRegression,356,0.5919282511210763
S4_Stream,NETFLOW,M2_XGBoost,356,0.6666666666666666
S4_Stream,NETFLOW,M3_IsolationForest,356,0.6987638256343527
S4_Stream,NETFLOW,M1_LogisticRegression,357,0.6077922077922078
S4_Stream,NETFLOW,M2_XGBoost,357,0.6660682226211849
S4_Stream,NETFLOW,M3_IsolationForest,357,0.7146529562982005
S4_Stream,NETFLOW,M1_LogisticRegression,358,0.5906277630415562
S4_Stream,NETFLOW,M2_XGBoost,358,0.6571936056838366
S4_Stream,NETFLOW,M3_IsolationForest,358,0.6945169712793734
S4_Stream,NETFLOW,M1_LogisticRegression,359,0.626916524701874
S4_Stream,NETFLOW,M2_XGBoost,359,0.6861313868613139
S4_Stream,NETFLOW,M3_IsolationForest,359,0.7063389391979301
S4_Stream,NETFLOW,M1_LogisticRegression,360,0.5694200351493849
S4_Stream,NETFLOW,M2_XGBoost,360,0.6511627906976745
S4_Stream,NETFLOW,M3_IsolationForest,360,0.6919555264879006
S4_Stream,NETFLOW,M1_LogisticRegression,361,0.6160337552742616
S4_Stream,NETFLOW,M2_XGBoost,361,0.6678111587982832
S4_Stream,NETFLOW,M3_IsolationForest,361,0.7236758136566688
S4_Stream,NETFLOW,M1_LogisticRegression,362,0.6248982912937348
S4_Stream,NETFLOW,M2_XGBoost,362,0.6829694323144104
S4_Stream,NETFLOW,M3_IsolationForest,362,0.7212276214833759
S4_Stream,NETFLOW,M1_LogisticRegression,363,0.5943637916310845
S4_Stream,NETFLOW,M2_XGBoost,363,0.6736474694589878
S4_Stream,NETFLOW,M3_IsolationForest,363,0.7012987012987013
S4_Stream,NETFLOW,M1_LogisticRegression,364,0.6344712739383847
S4_Stream,NETFLOW,M2_XGBoost,364,0.6947549441100602
S4_Stream,NETFLOW,M3_IsolationForest,364,0.7171263630532393
S4_Stream,NETFLOW,M1_LogisticRegression,365,0.6048526863084922
S4_Stream,NETFLOW,M2_XGBoost,365,0.6754617414248021
S4_Stream,NETFLOW,M3_IsolationForest,365,0.6970684039087948
S4_Stream,NETFLOW,M1_LogisticRegression,366,0.6476030277544155
S4_Stream,NETFLOW,M2_XGBoost,366,0.681468830059778
S4_Stream,NETFLOW,M3_IsolationForest,366,0.7212276214833759
S4_Stream,NETFLOW,M1_LogisticRegression,367,0.5987708516242318
S4_Stream,NETFLOW,M2_XGBoost,367,0.6630630630630631
S4_Stream,NETFLOW,M3_IsolationForest,367,0.6962190352020861
S4_Stream,NETFLOW,M1_LogisticRegression,368,0.6116838487972509
S4_Stream,NETFLOW,M2_XGBoost,368,0.6876640419947506
S4_Stream,NETFLOW,M3_IsolationForest,368,0.7105093488072212
S4_Stream,NETFLOW,M1_LogisticRegression,369,0.6393989983305509
S4_Stream,NETFLOW,M2_XGBoost,369,0.6958011996572407
S4_Stream,NETFLOW,M3_IsolationForest,369,0.717948717948718
S4_Stream,NETFLOW,M1_LogisticRegression,370,0.6123778501628665
S4_Stream,NETFLOW,M2_XGBoost,370,0.6955074875207987
S4_Stream,NETFLOW,M3_IsolationForest,370,0.7523393636930755
S4_Stream,NETFLOW,M1_LogisticRegression,371,0.6032843560933449
S4_Stream,NETFLOW,M2_XGBoost,371,0.6558558558558558
S4_Stream,NETFLOW,M3_IsolationForest,371,0.7021414665801428
S4_Stream,NETFLOW,M1_LogisticRegression,372,0.5975177304964538
S4_Stream,NETFLOW,M2_XGBoost,372,0.6648401826484018
S4_Stream,NETFLOW,M3_IsolationForest,372,0.6842105263157895
S4_Stream,NETFLOW,M1_LogisticRegression,373,0.6248941574936494
S4_Stream,NETFLOW,M2_XGBoost,373,0.6725352112676056
S4_Stream,NETFLOW,M3_IsolationForest,373,0.7021414665801428
S4_Stream,NETFLOW,M1_LogisticRegression,374,0.5947826086956521
S4_Stream,NETFLOW,M2_XGBoost,374,0.6629935720844812
S4_Stream,NETFLOW,M3_IsolationForest,374,0.6970684039087948
S4_Stream,NETFLOW,M1_LogisticRegression,375,0.6102263202011735
S4_Stream,NETFLOW,M2_XGBoost,375,0.6844827586206896
S4_Stream,NETFLOW,M3_IsolationForest,375,0.7146529562982005
S4_Stream,NETFLOW,M1_LogisticRegression,376,0.6192468619246861
S4_Stream,NETFLOW,M2_XGBoost,376,0.6773618538324421
S4_Stream,NETFLOW,M3_IsolationForest,376,0.7187700192184497
S4_Stream,NETFLOW,M1_LogisticRegression,377,0.628140703517588
S4_Stream,NETFLOW,M2_XGBoost,377,0.6846689895470384
S4_Stream,NETFLOW,M3_IsolationForest,377,0.711340206185567
S4_Stream,NETFLOW,M1_LogisticRegression,378,0.6209262435677531
S4_Stream,NETFLOW,M2_XGBoost,378,0.683982683982684
S4_Stream,NETFLOW,M3_IsolationForest,378,0.7146529562982005
S4_Stream,NETFLOW,M1_LogisticRegression,379,0.5812973883740522
S4_Stream,NETFLOW,M2_XGBoost,379,0.6784140969162996
S4_Stream,NETFLOW,M3_IsolationForest,379,0.7163029525032092
S4_Stream,NETFLOW,M1_LogisticRegression,380,0.6085498742665549
S4_Stream,NETFLOW,M2_XGBoost,380,0.6445012787723785
S4_Stream,NETFLOW,M3_IsolationForest,380,0.7187700192184497
S4_Stream,NETFLOW,M1_LogisticRegression,381,0.6157804459691252
S4_Stream,NETFLOW,M2_XGBoost,381,0.687170474516696
S4_Stream,NETFLOW,M3_IsolationForest,381,0.7138263665594855
S4_Stream,NETFLOW,M1_LogisticRegression,382,0.6042553191489362
S4_Stream,NETFLOW,M2_XGBoost,382,0.6695205479452054
S4_Stream,NETFLOW,M3_IsolationForest,382,0.7261146496815286
S4_Stream,NETFLOW,M1_LogisticRegression,383,0.5888501742160279
S4_Stream,NETFLOW,M2_XGBoost,383,0.671957671957672
S4_Stream,NETFLOW,M3_IsolationForest,383,0.717948717948718
S4_Stream,NETFLOW,M1_LogisticRegression,384,0.6173688736027515
S4_Stream,NETFLOW,M2_XGBoost,384,0.6707855251544572
S4_Stream,NETFLOW,M3_IsolationForest,384,0.712998712998713
S4_Stream,NETFLOW,M1_LogisticRegression,385,0.6034912718204489
S4_Stream,NETFLOW,M2_XGBoost,385,0.6773648648648649
S4_Stream,NETFLOW,M3_IsolationForest,385,0.7293519695044473
S4_Stream,NETFLOW,M1_LogisticRegression,386,0.6191304347826087
S4_Stream,NETFLOW,M2_XGBoost,386,0.6745240253853128
S4_Stream,NETFLOW,M3_IsolationForest,386,0.6970684039087948
S4_Stream,NETFLOW,M1_LogisticRegression,387,0.6339434276206323
S4_Stream,NETFLOW,M2_XGBoost,387,0.6695880806310254
S4_Stream,NETFLOW,M3_IsolationForest,387,0.7063389391979301
S4_Stream,NETFLOW,M1_LogisticRegression,388,0.5907534246575342
S4_Stream,NETFLOW,M2_XGBoost,388,0.6524822695035462
S4_Stream,NETFLOW,M3_IsolationForest,388,0.7105093488072212
S4_Stream,NETFLOW,M1_LogisticRegression,389,0.6021684737281068
S4_Stream,NETFLOW,M2_XGBoost,389,0.6735751295336787
S4_Stream,NETFLOW,M3_IsolationForest,389,0.7171263630532393
S4_Stream,NETFLOW,M1_LogisticRegression,390,0.5989932885906041
S4_Stream,NETFLOW,M2_XGBoost,390,0.7086614173228346
S4_Stream,NETFLOW,M3_IsolationForest,390,0.7105093488072212
S4_Stream,NETFLOW,M1_LogisticRegression,391,0.6015424164524421
S4_Stream,NETFLOW,M2_XGBoost,391,0.6904969485614647
S4_Stream,NETFLOW,M3_IsolationForest,391,0.7071751777634131
S4_Stream,NETFLOW,M1_LogisticRegression,392,0.6069906223358909
S4_Stream,NETFLOW,M2_XGBoost,392,0.66900790166813
S4_Stream,NETFLOW,M3_IsolationForest,392,0.7105093488072212
S4_Stream,NETFLOW,M1_LogisticRegression,393,0.5779735682819384
S4_Stream,NETFLOW,M2_XGBoost,393,0.6407239819004525
S4_Stream,NETFLOW,M3_IsolationForest,393,0.6876640419947506
S4_Stream,NETFLOW,M1_LogisticRegression,394,0.5876375952582558
S4_Stream,NETFLOW,M2_XGBoost,394,0.6850533807829181
S4_Stream,NETFLOW,M3_IsolationForest,394,0.695368558382257
S4_Stream,NETFLOW,M1_LogisticRegression,395,0.6165413533834586
S4_Stream,NETFLOW,M2_XGBoost,395,0.6988973706530959
S4_Stream,NETFLOW,M3_IsolationForest,395,0.7341772151898734
S4_Stream,NETFLOW,M1_LogisticRegression,396,0.6174724342663274
S4_Stream,NETFLOW,M2_XGBoost,396,0.6977152899824253
S4_Stream,NETFLOW,M3_IsolationForest,396,0.7071751777634131
S4_Stream,NETFLOW,M1_LogisticRegression,397,0.6022433132010354
S4_Stream,NETFLOW,M2_XGBoost,397,0.6835222319093287
S4_Stream,NETFLOW,M3_IsolationForest,397,0.7088444157520981
S4_Stream,NETFLOW,M1_LogisticRegression,398,0.6215753424657534
S4_Stream,NETFLOW,M2_XGBoost,398,0.677846425419241
S4_Stream,NETFLOW,M3_IsolationForest,398,0.711340206185567
S4_Stream,NETFLOW,M1_LogisticRegression,399,0.6190476190476191
S4_Stream,NETFLOW,M2_XGBoost,399,0.6726943942133815
S4_Stream,NETFLOW,M3_IsolationForest,399,0.6962190352020861
S4_Stream,NETFLOW,M1_LogisticRegression,400,0.5929824561403508
S4_Stream,NETFLOW,M2_XGBoost,400,0.6618962432915921
S4_Stream,NETFLOW,M3_IsolationForest,400,0.700454840805718
S4_Stream,NETFLOW,M1_LogisticRegression,401,0.6
S4_Stream,NETFLOW,M2_XGBoost,401,0.6762331838565022
S4_Stream,NETFLOW,M3_IsolationForest,401,0.6979166666666666
S4_Stream,NETFLOW,M1_LogisticRegression,402,0.5899653979238755
S4_Stream,NETFLOW,M2_XGBoost,402,0.6271036315323295
S4_Stream,NETFLOW,M3_IsolationForest,402,0.700454840805718
S4_Stream,NETFLOW,M1_LogisticRegression,403,0.5818815331010453
S4_Stream,NETFLOW,M2_XGBoost,403,0.6805807622504537
S4_Stream,NETFLOW,M3_IsolationForest,403,0.6893840104849279
S4_Stream,NETFLOW,M1_LogisticRegression,404,0.6003401360544217
S4_Stream,NETFLOW,M2_XGBoost,404,0.6541218637992832
S4_Stream,NETFLOW,M3_IsolationForest,404,0.7021414665801428
S4_Stream,NETFLOW,M1_LogisticRegression,405,0.644426362896664
S4_Stream,NETFLOW,M2_XGBoost,405,0.6904761904761905
S4_Stream,NETFLOW,M3_IsolationForest,405,0.7301587301587301
S4_Stream,NETFLOW,M1_LogisticRegression,406,0.5845896147403685
S4_Stream,NETFLOW,M2_XGBoost,406,0.7050610820244329
S4_Stream,NETFLOW,M3_IsolationForest,406,0.7088444157520981
S4_Stream,NETFLOW,M1_LogisticRegression,407,0.5959595959595959
S4_Stream,NETFLOW,M2_XGBoost,407,0.6894736842105263
S4_Stream,NETFLOW,M3_IsolationForest,407,0.7138263665594855
S4_Stream,NETFLOW,M1_LogisticRegression,408,0.6131756756756757
S4_Stream,NETFLOW,M2_XGBoost,408,0.6857638888888888
S4_Stream,NETFLOW,M3_IsolationForest,408,0.7244897959183674
S4_Stream,NETFLOW,M1_LogisticRegression,409,0.5894554883318929
S4_Stream,NETFLOW,M2_XGBoost,409,0.6666666666666666
S4_Stream,NETFLOW,M3_IsolationForest,409,0.7171263630532393
S4_Stream,NETFLOW,M1_LogisticRegression,410,0.5911072362685266
S4_Stream,NETFLOW,M2_XGBoost,410,0.6684256816182937
S4_Stream,NETFLOW,M3_IsolationForest,410,0.6936642717178315
S4_Stream,NETFLOW,M1_LogisticRegression,411,0.6235093696763203
S4_Stream,NETFLOW,M2_XGBoost,411,0.671971706454465
S4_Stream,NETFLOW,M3_IsolationForest,411,0.7171263630532393
S4_Stream,NETFLOW,M1_LogisticRegression,412,0.5839793281653747
S4_Stream,NETFLOW,M2_XGBoost,412,0.692942254812099
S4_Stream,NETFLOW,M3_IsolationForest,412,0.6970684039087948
S4_Stream,NETFLOW,M1_LogisticRegression,413,0.6133333333333333
S4_Stream,NETFLOW,M2_XGBoost,413,0.7112616426756986
S4_Stream,NETFLOW,M3_IsolationForest,413,0.7293519695044473
S4_Stream,NETFLOW,M1_LogisticRegression,414,0.5803108808290155
S4_Stream,NETFLOW,M2_XGBoost,414,0.7036395147313691
S4_Stream,NETFLOW,M3_IsolationForest,414,0.7146529562982005
S4_Stream,NETFLOW,M1_LogisticRegression,415,0.5644599303135889
S4_Stream,NETFLOW,M2_XGBoost,415,0.6482142857142857
S4_Stream,NETFLOW,M3_IsolationForest,415,0.6893840104849279
S4_Stream,NETFLOW,M1_LogisticRegression,416,0.5998286203941731
S4_Stream,NETFLOW,M2_XGBoost,416,0.666030534351145
S4_Stream,NETFLOW,M3_IsolationForest,416,0.7080103359173127
S4_Stream,NETFLOW,M1_LogisticRegression,417,0.6325660699062233
S4_Stream,NETFLOW,M2_XGBoost,417,0.6844036697247706
S4_Stream,NETFLOW,M3_IsolationForest,417,0.7071751777634131
S4_Stream,NETFLOW,M1_LogisticRegression,418,0.5868995633187772
S4_Stream,NETFLOW,M2_XGBoost,418,0.6431969552806851
S4_Stream,NETFLOW,M3_IsolationForest,418,0.7046632124352331
S4_Stream,NETFLOW,M1_LogisticRegression,419,0.6159052453468697
S4_Stream,NETFLOW,M2_XGBoost,419,0.6828811973807296
S4_Stream,NETFLOW,M3_IsolationForest,419,0.7029831387808041
S4_Stream,NETFLOW,M1_LogisticRegression,420,0.6012715712988193
S4_Stream,NETFLOW,M2_XGBoost,420,0.6470588235294118
S4_Stream,NETFLOW,M3_IsolationForest,420,0.669328010645376
S4_Stream,NETFLOW,M1_LogisticRegression,421,0.6232247284878863
S4_Stream,NETFLOW,M2_XGBoost,421,0.6902325581395349
S4_Stream,NETFLOW,M3_IsolationForest,421,0.7204094689699296
S4_Stream,NETFLOW,M1_LogisticRegression,422,0.6118881118881119
S4_Stream,NETFLOW,M2_XGBoost,422,0.692942254812099
S4_Stream,NETFLOW,M3_IsolationForest,422,0.7080103359173127
S4_Stream,NETFLOW,M1_LogisticRegression,423,0.6206896551724138
S4_Stream,NETFLOW,M2_XGBoost,423,0.6635687732342007
S4_Stream,NETFLOW,M3_IsolationForest,423,0.7204094689699296
S4_Stream,NETFLOW,M1_LogisticRegression,424,0.6129303106633082
S4_Stream,NETFLOW,M2_XGBoost,424,0.6944696282864914
S4_Stream,NETFLOW,M3_IsolationForest,424,0.7301587301587301
S4_Stream,NETFLOW,M1_LogisticRegression,425,0.602510460251046
S4_Stream,NETFLOW,M2_XGBoost,425,0.6787989080982711
S4_Stream,NETFLOW,M3_IsolationForest,425,0.7244897959183674
S4_Stream,NETFLOW,M1_LogisticRegression,426,0.6083333333333333
S4_Stream,NETFLOW,M2_XGBoost,426,0.6834264432029795
S4_Stream,NETFLOW,M3_IsolationForest,426,0.7105093488072212
S4_Stream,NETFLOW,M1_LogisticRegression,427,0.6146095717884131
S4_Stream,NETFLOW,M2_XGBoost,427,0.6548672566371682
S4_Stream,NETFLOW,M3_IsolationForest,427,0.7244897959183674
S4_Stream,NETFLOW,M1_LogisticRegression,428,0.587532023911187
S4_Stream,NETFLOW,M2_XGBoost,428,0.673469387755102
S4_Stream,NETFLOW,M3_IsolationForest,428,0.7236758136566688
S4_Stream,NETFLOW,M1_LogisticRegression,429,0.6257359125315392
S4_Stream,NETFLOW,M2_XGBoost,429,0.6728280961182994
S4_Stream,NETFLOW,M3_IsolationForest,429,0.7071751777634131
S4_Stream,NETFLOW,M1_LogisticRegression,430,0.5747330960854092
S4_Stream,NETFLOW,M2_XGBoost,430,0.6266924564796905
S4_Stream,NETFLOW,M3_IsolationForest,430,0.6868023637557452
S4_Stream,NETFLOW,M1_LogisticRegression,431,0.6127946127946128
S4_Stream,NETFLOW,M2_XGBoost,431,0.6727107887579329
S4_Stream,NETFLOW,M3_IsolationForest,431,0.7195902688860435
S4_Stream,NETFLOW,M1_LogisticRegression,432,0.5901926444833625
S4_Stream,NETFLOW,M2_XGBoost,432,0.6172381835032438
S4_Stream,NETFLOW,M3_IsolationForest,432,0.7071751777634131
S4_Stream,NETFLOW,M1_LogisticRegression,433,0.6122792262405383
S4_Stream,NETFLOW,M2_XGBoost,433,0.6429258902791145
S4_Stream,NETFLOW,M3_IsolationForest,433,0.7055016181229773
S4_Stream,NETFLOW,M1_LogisticRegression,434,0.6064623032311516
S4_Stream,NETFLOW,M2_XGBoost,434,0.6709677419354839
S4_Stream,NETFLOW,M3_IsolationForest,434,0.7253027405991077
S4_Stream,NETFLOW,M1_LogisticRegression,435,0.592274678111588
S4_Stream,NETFLOW,M2_XGBoost,435,0.6519742883379247
S4_Stream,NETFLOW,M3_IsolationForest,435,0.7171263630532393
S4_Stream,NETFLOW,M1_LogisticRegression,436,0.6068965517241379
S4_Stream,NETFLOW,M2_XGBoost,436,0.6468899521531101
S4_Stream,NETFLOW,M3_IsolationForest,436,0.6996098829648895
S4_Stream,NETFLOW,M1_LogisticRegression,437,0.6091370558375635
S4_Stream,NETFLOW,M2_XGBoost,437,0.6355851569933397
S4_Stream,NETFLOW,M3_IsolationForest,437,0.7105093488072212
S4_Stream,NETFLOW,M1_LogisticRegression,438,0.6061120543293718
S4_Stream,NETFLOW,M2_XGBoost,438,0.6585820895522388
S4_Stream,NETFLOW,M3_IsolationForest,438,0.700454840805718
S4_Stream,NETFLOW,M1_LogisticRegression,439,0.6122098022355976
S4_Stream,NETFLOW,M2_XGBoost,439,0.6635773864689527
S4_Stream,NETFLOW,M3_IsolationForest,439,0.7071751777634131
S4_Stream,NETFLOW,M1_LogisticRegression,440,0.5908319185059423
S4_Stream,NETFLOW,M2_XGBoost,440,0.6751361161524501
S4_Stream,NETFLOW,M3_IsolationForest,440,0.7244897959183674
S4_Stream,NETFLOW,M1_LogisticRegression,441,0.6066666666666667
S4_Stream,NETFLOW,M2_XGBoost,441,0.6407407407407407
S4_Stream,NETFLOW,M3_IsolationForest,441,0.7154784842646115
S4_Stream,NETFLOW,M1_LogisticRegression,442,0.6076158940397351
S4_Stream,NETFLOW,M2_XGBoost,442,0.6509433962264151
S4_Stream,NETFLOW,M3_IsolationForest,442,0.712998712998713
S4_Stream,NETFLOW,M1_LogisticRegression,443,0.597682119205298
S4_Stream,NETFLOW,M2_XGBoost,443,0.6770642201834862
S4_Stream,NETFLOW,M3_IsolationForest,443,0.727735368956743
S4_Stream,NETFLOW,M1_LogisticRegression,444,0.5652920962199313
S4_Stream,NETFLOW,M2_XGBoost,444,0.6798866855524079
S4_Stream,NETFLOW,M3_IsolationForest,444,0.6902423051735429
S4_Stream,NETFLOW,M1_LogisticRegression,445,0.6210268948655256
S4_Stream,NETFLOW,M2_XGBoost,445,0.6733031674208145
S4_Stream,NETFLOW,M3_IsolationForest,445,0.7285441830896376
S4_Stream,NETFLOW,M1_LogisticRegression,446,0.5669565217391305
S4_Stream,NETFLOW,M2_XGBoost,446,0.6588693957115009
S4_Stream,NETFLOW,M3_IsolationForest,446,0.6885245901639344
S4_Stream,NETFLOW,M1_LogisticRegression,447,0.6112084063047285
S4_Stream,NETFLOW,M2_XGBoost,447,0.6462395543175488
S4_Stream,NETFLOW,M3_IsolationForest,447,0.7105093488072212
S4_Stream,NETFLOW,M1_LogisticRegression,448,0.6121739130434782
S4_Stream,NETFLOW,M2_XGBoost,448,0.6316793893129771
S4_Stream,NETFLOW,M3_IsolationForest,448,0.6850756081525312
S4_Stream,NETFLOW,M1_LogisticRegression,449,0.6101113967437874
S4_Stream,NETFLOW,M2_XGBoost,449,0.6534839924670434
S4_Stream,NETFLOW,M3_IsolationForest,449,0.7021414665801428
S4_Stream,NETFLOW,M1_LogisticRegression,450,0.6204564666103127
S4_Stream,NETFLOW,M2_XGBoost,450,0.6547169811320754
S4_Stream,NETFLOW,M3_IsolationForest,450,0.712998712998713
S4_Stream,NETFLOW,M1_LogisticRegression,451,0.6221470836855453
S4_Stream,NETFLOW,M2_XGBoost,451,0.6716417910447762
S4_Stream,NETFLOW,M3_IsolationForest,451,0.7063389391979301
S4_Stream,NETFLOW,M1_LogisticRegression,452,0.6025531914893617
S4_Stream,NETFLOW,M2_XGBoost,452,0.6501901140684411
S4_Stream,NETFLOW,M3_IsolationForest,452,0.7105093488072212
S4_Stream,NETFLOW,M1_LogisticRegression,453,0.6090604026845637
S4_Stream,NETFLOW,M2_XGBoost,453,0.6460945033751205
S4_Stream,NETFLOW,M3_IsolationForest,453,0.695368558382257
S4_Stream,NETFLOW,M1_LogisticRegression,454,0.625314333612741
S4_Stream,NETFLOW,M2_XGBoost,454,0.665395614871306
S4_Stream,NETFLOW,M3_IsolationForest,454,0.7046632124352331
S4_Stream,NETFLOW,M1_LogisticRegression,455,0.5936698032506416
S4_Stream,NETFLOW,M2_XGBoost,455,0.6475644699140402
S4_Stream,NETFLOW,M3_IsolationForest,455,0.6936642717178315
S4_Stream,NETFLOW,M1_LogisticRegression,456,0.5613415710503089
S4_Stream,NETFLOW,M2_XGBoost,456,0.6641651031894934
S4_Stream,NETFLOW,M3_IsolationForest,456,0.6962190352020861
S4_Stream,NETFLOW,M1_LogisticRegression,457,0.6055508830950378
S4_Stream,NETFLOW,M2_XGBoost,457,0.6899151743638078
S4_Stream,NETFLOW,M3_IsolationForest,457,0.7063389391979301
S4_Stream,NETFLOW,M1_LogisticRegression,458,0.6113902847571189
S4_Stream,NETFLOW,M2_XGBoost,458,0.6721611721611722
S4_Stream,NETFLOW,M3_IsolationForest,458,0.7285441830896376
S4_Stream,NETFLOW,M1_LogisticRegression,459,0.6089150546677881
S4_Stream,NETFLOW,M2_XGBoost,459,0.6598890942698706
S4_Stream,NETFLOW,M3_IsolationForest,459,0.7096774193548387
S4_Stream,NETFLOW,M1_LogisticRegression,460,0.5901639344262295
S4_Stream,NETFLOW,M2_XGBoost,460,0.6579439252336449
S4_Stream,NETFLOW,M3_IsolationForest,460,0.717948717948718
S4_Stream,NETFLOW,M1_LogisticRegression,461,0.6188418323249784
S4_Stream,NETFLOW,M2_XGBoost,461,0.6404494382022472
S4_Stream,NETFLOW,M3_IsolationForest,461,0.6928104575163399
S4_Stream,NETFLOW,M1_LogisticRegression,462,0.6051724137931035
S4_Stream,NETFLOW,M2_XGBoost,462,0.6421152030217187
S4_Stream,NETFLOW,M3_IsolationForest,462,0.7021414665801428
S4_Stream,NETFLOW,M1_LogisticRegression,463,0.5950554134697357
S4_Stream,NETFLOW,M2_XGBoost,463,0.6666666666666666
S4_Stream,NETFLOW,M3_IsolationForest,463,0.7138263665594855
S4_Stream,NETFLOW,M1_LogisticRegression,464,0.6209205020920502
S4_Stream,NETFLOW,M2_XGBoost,464,0.6711409395973155
S4_Stream,NETFLOW,M3_IsolationForest,464,0.712998712998713
S4_Stream,NETFLOW,M1_LogisticRegression,465,0.6008510638297873
S4_Stream,NETFLOW,M2_XGBoost,465,0.6758241758241759
S4_Stream,NETFLOW,M3_IsolationForest,465,0.71216999356085
S4_Stream,NETFLOW,M1_LogisticRegression,466,0.6264855687606112
S4_Stream,NETFLOW,M2_XGBoost,466,0.6857670979667283
S4_Stream,NETFLOW,M3_IsolationForest,466,0.7171263630532393
S4_Stream,NETFLOW,M1_LogisticRegression,467,0.6040955631399317
S4_Stream,NETFLOW,M2_XGBoost,467,0.6697848456501403
S4_Stream,NETFLOW,M3_IsolationForest,467,0.6987638256343527
S4_Stream,NETFLOW,M1_LogisticRegression,468,0.5989847715736041
S4_Stream,NETFLOW,M2_XGBoost,468,0.6588235294117647
S4_Stream,NETFLOW,M3_IsolationForest,468,0.7029831387808041
S4_Stream,NETFLOW,M1_LogisticRegression,469,0.5843270868824532
S4_Stream,NETFLOW,M2_XGBoost,469,0.6710158434296365
S4_Stream,NETFLOW,M3_IsolationForest,469,0.695368558382257
S4_Stream,NETFLOW,M1_LogisticRegression,470,0.5959595959595959
S4_Stream,NETFLOW,M2_XGBoost,470,0.6717267552182163
S4_Stream,NETFLOW,M3_IsolationForest,470,0.7021414665801428
S4_Stream,NETFLOW,M1_LogisticRegression,471,0.6243654822335025
S4_Stream,NETFLOW,M2_XGBoost,471,0.6648301193755739
S4_Stream,NETFLOW,M3_IsolationForest,471,0.7171263630532393
S4_Stream,NETFLOW,M1_LogisticRegression,472,0.592274678111588
S4_Stream,NETFLOW,M2_XGBoost,472,0.6776859504132231
S4_Stream,NETFLOW,M3_IsolationForest,472,0.7146529562982005
S4_Stream,NETFLOW,M1_LogisticRegression,473,0.5925282363162467
S4_Stream,NETFLOW,M2_XGBoost,473,0.6239234449760765
S4_Stream,NETFLOW,M3_IsolationForest,473,0.6859395532194481
S4_Stream,NETFLOW,M1_LogisticRegression,474,0.6156433978132885
S4_Stream,NETFLOW,M2_XGBoost,474,0.6495412844036698
S4_Stream,NETFLOW,M3_IsolationForest,474,0.7204094689699296
S4_Stream,NETFLOW,M1_LogisticRegression,475,0.6069906223358909
S4_Stream,NETFLOW,M2_XGBoost,475,0.6748815165876777
S4_Stream,NETFLOW,M3_IsolationForest,475,0.7029831387808041
S4_Stream,NETFLOW,M1_LogisticRegression,476,0.6303630363036303
S4_Stream,NETFLOW,M2_XGBoost,476,0.6798917944093779
S4_Stream,NETFLOW,M3_IsolationForest,476,0.7317691819911224
S4_Stream,NETFLOW,M1_LogisticRegression,477,0.6215071972904318
S4_Stream,NETFLOW,M2_XGBoost,477,0.6830601092896175
S4_Stream,NETFLOW,M3_IsolationForest,477,0.7261146496815286
S4_Stream,NETFLOW,M1_LogisticRegression,478,0.59983429991715
S4_Stream,NETFLOW,M2_XGBoost,478,0.6485981308411215
S4_Stream,NETFLOW,M3_IsolationForest,478,0.7253027405991077
S4_Stream,NETFLOW,M1_LogisticRegression,479,0.5874363327674024
S4_Stream,NETFLOW,M2_XGBoost,479,0.6744604316546763
S4_Stream,NETFLOW,M3_IsolationForest,479,0.7236758136566688
S4_Stream,NETFLOW,M1_LogisticRegression,480,0.6101987899740708
S4_Stream,NETFLOW,M2_XGBoost,480,0.6238361266294227
S4_Stream,NETFLOW,M3_IsolationForest,480,0.7163029525032092
S4_Stream,NETFLOW,M1_LogisticRegression,481,0.6043405676126878
S4_Stream,NETFLOW,M2_XGBoost,481,0.6872727272727273
S4_Stream,NETFLOW,M3_IsolationForest,481,0.7096774193548387
S4_Stream,NETFLOW,M1_LogisticRegression,482,0.5989761092150171
S4_Stream,NETFLOW,M2_XGBoost,482,0.6947179946284691
S4_Stream,NETFLOW,M3_IsolationForest,482,0.7146529562982005
S4_Stream,NETFLOW,M1_LogisticRegression,483,0.6031746031746031
S4_Stream,NETFLOW,M2_XGBoost,483,0.7104795737122558
S4_Stream,NETFLOW,M3_IsolationForest,483,0.7236758136566688
S4_Stream,NETFLOW,M1_LogisticRegression,484,0.5874246339362619
S4_Stream,NETFLOW,M2_XGBoost,484,0.7100175746924429
S4_Stream,NETFLOW,M3_IsolationForest,484,0.7333755541481951
S4_Stream,NETFLOW,M1_LogisticRegression,485,0.6142384105960265
S4_Stream,NETFLOW,M2_XGBoost,485,0.7285342584562012
S4_Stream,NETFLOW,M3_IsolationForest,485,0.7285441830896376
S4_Stream,NETFLOW,M1_LogisticRegression,486,0.626890756302521
S4_Stream,NETFLOW,M2_XGBoost,486,0.6672743846855059
S4_Stream,NETFLOW,M3_IsolationForest,486,0.7071751777634131
S4_Stream,NETFLOW,M1_LogisticRegression,487,0.6099656357388317
S4_Stream,NETFLOW,M2_XGBoost,487,0.6791044776119403
S4_Stream,NETFLOW,M3_IsolationForest,487,0.712998712998713
S4_Stream,NETFLOW,M1_LogisticRegression,488,0.5903930131004367
S4_Stream,NETFLOW,M2_XGBoost,488,0.6829268292682927
S4_Stream,NETFLOW,M3_IsolationForest,488,0.6816084377059987
S4_Stream,NETFLOW,M1_LogisticRegression,489,0.6172839506172839
S4_Stream,NETFLOW,M2_XGBoost,489,0.7275892080069626
S4_Stream,NETFLOW,M3_IsolationForest,489,0.7445072190834903
S4_Stream,NETFLOW,M1_LogisticRegression,490,0.6024305555555556
S4_Stream,NETFLOW,M2_XGBoost,490,0.6959706959706959
S4_Stream,NETFLOW,M3_IsolationForest,490,0.7080103359173127
S4_Stream,NETFLOW,M1_LogisticRegression,491,0.6286186931348222
S4_Stream,NETFLOW,M2_XGBoost,491,0.704932735426009
S4_Stream,NETFLOW,M3_IsolationForest,491,0.7195902688860435
S4_Stream,NETFLOW,M1_LogisticRegression,492,0.5826906598114824
S4_Stream,NETFLOW,M2_XGBoost,492,0.6900369003690037
S4_Stream,NETFLOW,M3_IsolationForest,492,0.6996098829648895
S4_Stream,NETFLOW,M1_LogisticRegression,493,0.5996592844974447
S4_Stream,NETFLOW,M2_XGBoost,493,0.7045252883762201
S4_Stream,NETFLOW,M3_IsolationForest,493,0.7269255251432208
S4_Stream,NETFLOW,M1_LogisticRegression,494,0.5766233766233766
S4_Stream,NETFLOW,M2_XGBoost,494,0.6869244935543278
S4_Stream,NETFLOW,M3_IsolationForest,494,0.6919555264879006
S4_Stream,NETFLOW,M1_LogisticRegression,495,0.58169375534645
S4_Stream,NETFLOW,M2_XGBoost,495,0.6840633737185461
S4_Stream,NETFLOW,M3_IsolationForest,495,0.6979166666666666
S4_Stream,NETFLOW,M1_LogisticRegression,496,0.6379746835443038
S4_Stream,NETFLOW,M2_XGBoost,496,0.6840215439856373
S4_Stream,NETFLOW,M3_IsolationForest,496,0.717948717948718
S4_Stream,NETFLOW,M1_LogisticRegression,497,0.6255212677231026
S4_Stream,NETFLOW,M2_XGBoost,497,0.72236727589208
S4_Stream,NETFLOW,M3_IsolationForest,497,0.7261146496815286
S4_Stream,NETFLOW,M1_LogisticRegression,498,0.6286186931348222
S4_Stream,NETFLOW,M2_XGBoost,498,0.7056737588652482
S4_Stream,NETFLOW,M3_IsolationForest,498,0.7236758136566688
S4_Stream,NETFLOW,M1_LogisticRegression,499,0.6179129005751849
S4_Stream,NETFLOW,M2_XGBoost,499,0.7219846022241232
S4_Stream,NETFLOW,M3_IsolationForest,499,0.7405541561712846
